Country,Year,Disease Name,Disease Category,Prevalence Rate (%),Incidence Rate (%),Mortality Rate (%),Age Group,Gender,Population Affected,Healthcare Access (%),Doctors per 1000,Hospital Beds per 1000,Treatment Type,Average Treatment Cost (USD),Availability of Vaccines/Treatment,Recovery Rate (%),DALYs,Improvement in 5 Years (%),Per Capita Income (USD),Education Index,Urbanization Rate (%)
Italy,2013,Malaria,Respiratory,0.95,1.55,8.42,0-18,Male,471007,57.74,3.34,7.58,Medication,21064,No,91.82,4493,2.16,16886,0.79,86.02
France,2002,Ebola,Parasitic,12.46,8.63,8.75,61+,Male,634318,89.21,1.33,5.11,Surgery,47851,Yes,76.65,2366,4.82,80639,0.74,45.52
Turkey,2015,COVID-19,Genetic,0.91,2.35,6.22,36-60,Male,154878,56.41,4.07,3.49,Vaccination,27834,Yes,98.55,41,5.81,12245,0.41,40.2
Indonesia,2011,Parkinson's Disease,Autoimmune,4.68,6.29,3.99,0-18,Other,446224,85.2,3.18,8.44,Surgery,144,Yes,67.35,3201,2.22,49336,0.49,58.47
Italy,2013,Tuberculosis,Genetic,0.83,13.59,7.01,61+,Male,472908,67,4.61,5.9,Medication,8908,Yes,50.06,2832,6.93,47701,0.5,48.14
Saudi Arabia,2011,Dengue,Bacterial,10.99,6.49,4.64,61+,Female,479234,98.41,3.5,0.62,Therapy,42671,Yes,93.17,416,9.83,29597,0.46,56.5
USA,2013,Malaria,Cardiovascular,18.42,6.33,9.33,61+,Female,289931,90.03,3.16,3.31,Surgery,15579,No,92.8,4535,0.89,60027,0.7,20.48
Nigeria,2007,Tuberculosis,Neurological,3.48,5.71,1.21,0-18,Female,393296,75.6,0.54,3.54,Medication,15744,Yes,65.45,4584,9.81,23222,0.46,66.49
Italy,2000,Rabies,Chronic,15.59,4.74,6.38,19-35,Female,253110,87.87,4.56,5.84,Therapy,7669,Yes,59.23,2253,9.92,30849,0.55,41.27
Australia,2006,Cholera,Chronic,10.12,2.08,6,61+,Male,174143,95.9,4.63,6.01,Medication,9468,Yes,93.21,4694,2.96,68856,0.9,83.3
Canada,2011,Leprosy,Cardiovascular,11.15,0.6,2.97,36-60,Female,76858,67.88,0.66,1.99,Surgery,19993,Yes,76.16,4238,1.23,44699,0.58,51.5
Mexico,2009,Cancer,Metabolic,3.88,10.85,1.85,0-18,Male,462950,71.06,4.08,6.22,Vaccination,36202,Yes,63.54,2797,3.16,30015,0.61,29.05
Nigeria,2007,Diabetes,Infectious,8.92,13.19,5.52,36-60,Female,227849,84.41,1.37,9.57,Therapy,45685,No,68.02,423,3.98,60608,0.61,68.17
France,2004,Measles,Bacterial,11.4,5.15,7.77,61+,Male,420730,86.28,4.73,0.73,Therapy,49545,Yes,52.4,968,1.11,64119,0.59,63.84
Australia,2020,Zika,Parasitic,17.27,1.26,7.08,61+,Male,766425,53.75,3.15,8.49,Therapy,20169,Yes,58.19,3731,4.51,48701,0.83,26.05
USA,2024,Dengue,Viral,1.82,2.98,7.01,36-60,Female,623844,96.83,0.56,9.72,Medication,4664,No,87.75,484,8.11,56179,0.63,29
Nigeria,2009,Leprosy,Parasitic,15.18,14.95,8.21,0-18,Male,788926,87.33,3.96,4.49,Vaccination,31596,Yes,50.8,2773,0.79,6053,0.41,31.82
Australia,2006,Alzheimer's Disease,Bacterial,13.39,13.85,4.04,61+,Male,134472,90.34,2.8,6.73,Surgery,44696,Yes,58.67,3088,5.51,23813,0.87,57.71
France,2015,Polio,Respiratory,14.44,5.69,2.21,19-35,Other,959930,57.31,2.93,6.93,Medication,48221,Yes,54.8,1537,6.49,99481,0.84,28.24
Indonesia,2001,Hypertension,Cardiovascular,3.24,0.43,2.12,36-60,Male,938294,54.07,3.14,9.09,Vaccination,32325,Yes,92.95,2110,4.93,86168,0.79,25.86
Turkey,2019,Leprosy,Respiratory,8.74,1.42,1.54,19-35,Other,124225,59.94,0.8,6.22,Vaccination,20405,No,73.62,2958,4.22,50131,0.76,70.77
China,2001,Ebola,Neurological,2.92,1.17,7.35,36-60,Other,276364,80.23,2.27,3.57,Surgery,28401,Yes,51.53,1742,1.47,8526,0.4,31.5
South Africa,2014,Malaria,Bacterial,5.94,4.29,2.36,61+,Female,857183,61.32,4.56,6.88,Therapy,14578,Yes,72.97,433,1.4,52974,0.53,43.97
Japan,2021,Diabetes,Autoimmune,11.24,4.78,5.68,19-35,Male,947147,66.78,4.46,1.2,Surgery,20397,Yes,98.55,4994,7.43,93229,0.64,46.04
USA,2000,Asthma,Metabolic,7.91,9.13,1.58,0-18,Male,365955,64.87,1.28,4.67,Therapy,8688,No,79.09,1480,9.56,85413,0.4,31.14
UK,2010,Diabetes,Genetic,10.58,12.3,2.37,0-18,Female,822231,66.36,1.31,9.32,Surgery,4533,Yes,52.91,4187,3.67,3239,0.52,71.13
Canada,2001,Tuberculosis,Neurological,16.03,7.29,0.39,61+,Male,804802,78.96,2.46,7.72,Therapy,1676,No,80.52,2653,8.64,60168,0.45,41.91
Russia,2003,Measles,Neurological,1.45,12.86,3.21,36-60,Male,468005,63.31,2.53,1.41,Therapy,12119,No,90.01,4128,7.68,19846,0.9,34.35
Mexico,2022,Rabies,Neurological,11.63,8.99,0.54,36-60,Other,402997,90.8,2.36,8.25,Surgery,9975,No,84.78,3139,4.71,11786,0.6,87.24
UK,2019,Zika,Neurological,14.72,0.84,6.72,0-18,Male,294143,50,2.23,9.51,Vaccination,26485,No,66.32,434,6.07,35741,0.78,82.92
Japan,2002,Alzheimer's Disease,Respiratory,12.61,12.98,5.45,19-35,Male,116844,65.71,4.19,9.69,Vaccination,16118,No,64.88,747,8.59,4033,0.86,39.69
Saudi Arabia,2006,Cancer,Parasitic,15.12,9.04,6.9,0-18,Female,834340,91,3.02,2.05,Therapy,15983,No,89.49,3833,6.01,84531,0.9,80.19
Canada,2001,Malaria,Autoimmune,13.29,9.76,7.77,0-18,Male,205610,89.47,3.6,8.46,Medication,1190,No,67.79,1989,4.73,50405,0.89,38.11
Brazil,2003,Parkinson's Disease,Viral,13.85,4.52,3.23,61+,Male,700175,62.54,3.25,5.22,Medication,33734,Yes,75.62,4468,9.79,11089,0.48,24.44
Canada,2019,COVID-19,Bacterial,2.08,12.8,0.1,36-60,Other,558329,55.52,0.78,6.89,Vaccination,36659,No,62.21,3997,6.08,21921,0.4,25.7
Brazil,2011,Parkinson's Disease,Neurological,6.42,10.08,0.29,0-18,Other,136567,50.48,3.07,8.06,Surgery,18886,Yes,80.2,1595,5.37,41181,0.73,25.31
France,2005,Diabetes,Metabolic,6.09,10.77,1.42,19-35,Other,267802,95.85,3.42,9.14,Medication,27027,No,82.82,3580,9.46,66816,0.6,48.75
Turkey,2006,Malaria,Cardiovascular,10.53,2.5,5.09,0-18,Male,923451,76.24,1.43,2.95,Vaccination,29311,Yes,93.53,110,6.45,51865,0.74,58.38
Australia,2014,HIV/AIDS,Cardiovascular,12.52,3.13,9.14,19-35,Female,828045,68.61,0.9,8.3,Surgery,41081,Yes,61.53,2764,7.16,20964,0.86,85.65
Japan,2022,Malaria,Metabolic,3.77,1.02,3,0-18,Male,509716,63.88,0.57,8.23,Vaccination,49265,No,51.6,4416,0.45,7171,0.48,36.94
France,2008,Tuberculosis,Respiratory,4.6,4.94,2.08,61+,Female,215901,63.27,2.44,0.86,Therapy,35024,Yes,73.99,3893,0.04,35337,0.49,80.47
Mexico,2006,Dengue,Neurological,5.84,6.71,0.63,61+,Other,999156,95.87,2.02,5.29,Therapy,47635,Yes,90.72,4251,3.48,9033,0.42,72.74
Indonesia,2000,Rabies,Bacterial,1.22,13.78,3.9,0-18,Male,723071,56.9,3.04,3.53,Therapy,45214,Yes,97.84,4746,3.3,24147,0.73,79.39
Turkey,2022,Measles,Chronic,6.97,2.22,6.35,36-60,Male,534508,91.15,0.62,5.87,Vaccination,24653,No,76.34,2649,3.99,17444,0.5,59.77
Germany,2017,Cancer,Metabolic,3.04,2.12,4.46,61+,Male,639082,96.85,1.99,2.73,Medication,33639,Yes,71.36,3351,8.09,20359,0.73,86.25
Brazil,2003,Alzheimer's Disease,Neurological,12.5,13.27,9.34,19-35,Male,280906,89.39,3.91,5.6,Surgery,16622,Yes,87.39,326,1.16,32806,0.61,70.08
Brazil,2010,HIV/AIDS,Autoimmune,0.13,13.99,1.46,36-60,Female,134964,69.35,5,0.55,Vaccination,14688,Yes,61.6,1804,7.23,57996,0.79,42.37
UK,2003,Malaria,Chronic,1.08,0.18,3.54,61+,Male,596241,85.86,2.84,5.94,Medication,31291,No,53.7,3352,8.65,55241,0.59,85.04
Australia,2009,Alzheimer's Disease,Infectious,2.44,8.04,8.74,0-18,Other,283322,97.18,4.05,5.16,Therapy,26854,No,93.65,1398,7.02,49594,0.71,70.7
Saudi Arabia,2023,Hypertension,Metabolic,14.72,13.9,3.28,36-60,Female,28737,97.73,4.51,5.6,Medication,24176,No,85.19,783,3.9,8158,0.61,76.37
India,2003,Alzheimer's Disease,Bacterial,0.19,14.26,8.38,0-18,Male,349846,72.29,3.1,5.47,Medication,35329,Yes,81.85,3788,8.8,91267,0.58,45.22
Nigeria,2002,Measles,Neurological,3.49,14,6.61,36-60,Male,786558,58.08,4.73,3.98,Vaccination,21612,No,74.02,2576,9.07,43869,0.63,40.08
China,2022,Zika,Metabolic,17.12,4.84,7.71,36-60,Female,343352,98.3,0.87,7.39,Vaccination,43779,Yes,84.34,607,7.43,98415,0.55,37.01
Argentina,2015,Cholera,Infectious,18.17,12.36,2.68,61+,Male,417401,78.88,2.77,8.01,Therapy,26058,No,81.03,1210,7.43,29542,0.63,46.32
Argentina,2024,Cancer,Parasitic,10.94,12.88,6.25,61+,Female,419192,94.54,1.99,5.36,Medication,16363,Yes,72.52,1274,5.36,9633,0.51,37.11
Italy,2008,Ebola,Chronic,15.94,11.73,6.37,0-18,Other,644854,51.11,4.32,5.53,Surgery,17197,No,74.51,2835,8.59,33096,0.4,45.7
Russia,2019,Dengue,Autoimmune,13.86,0.79,1.18,0-18,Other,251830,71.56,0.73,0.67,Vaccination,29568,Yes,52.61,1731,6.47,12142,0.63,57.36
USA,2011,Dengue,Chronic,10.45,11.76,5.57,36-60,Male,87481,99.11,2.64,1.49,Therapy,33766,Yes,80.17,393,9.96,56348,0.65,74.74
Argentina,2007,Measles,Parasitic,15.6,0.63,7.03,61+,Female,653664,80.52,1.42,1.64,Vaccination,49833,No,91.28,3292,8.75,4120,0.44,83.11
Russia,2023,Leprosy,Bacterial,16.22,8.43,9.61,61+,Other,422327,51.8,3.75,2.98,Therapy,27605,Yes,98.03,3145,4.23,13691,0.79,22.94
China,2014,Polio,Cardiovascular,0.55,0.85,3.83,36-60,Female,123270,62.89,1.19,1.36,Vaccination,18513,Yes,58.47,4739,4.47,99993,0.69,26.87
Japan,2017,Tuberculosis,Genetic,13.63,8.09,7.03,36-60,Male,633115,55.2,2.62,4.59,Medication,22954,No,66.11,4969,0.13,52433,0.41,65.18
Brazil,2013,Ebola,Metabolic,16.01,8.55,1.35,19-35,Male,384573,81.59,3.08,3.16,Medication,18972,No,70.43,3356,8.75,14196,0.81,63.55
Japan,2005,Influenza,Respiratory,8.6,13.42,2.32,36-60,Female,757834,82.86,2.72,5.17,Medication,14207,No,75.42,2297,3.93,22316,0.87,27.89
Nigeria,2010,Diabetes,Cardiovascular,18.17,6.2,2.12,19-35,Female,985553,88.65,3.82,5.76,Therapy,14348,No,88.66,1984,4.35,45639,0.51,73.39
Russia,2008,Asthma,Metabolic,1.69,7.96,7.09,0-18,Other,879623,98.94,1.41,3.93,Surgery,12685,No,72.26,760,5.6,44330,0.58,77.15
Nigeria,2017,HIV/AIDS,Neurological,1.17,10.47,5.72,0-18,Other,368210,99.1,4.77,6.07,Medication,9051,No,96.1,4875,3.73,63276,0.56,35.5
France,2006,Ebola,Autoimmune,9.01,3.55,6.53,0-18,Other,773388,57.54,1.21,6.32,Surgery,2932,No,64.38,3280,6.27,74864,0.54,25.16
South Korea,2000,Alzheimer's Disease,Genetic,3.96,5.55,0.62,36-60,Male,815017,80.67,1.09,3,Therapy,42062,Yes,67.77,800,5.45,91647,0.45,31.22
Australia,2024,Measles,Genetic,5.88,12.37,4.73,36-60,Other,767034,81.29,3.62,6.73,Surgery,33829,No,75.4,2921,7.85,50348,0.87,56.51
South Africa,2017,Hepatitis,Neurological,10.72,6.64,7.89,0-18,Male,22434,93.27,1.15,5.08,Therapy,32840,No,70.46,3298,7.44,41156,0.68,41.79
Argentina,2006,Measles,Infectious,3.95,4,8.84,0-18,Male,116183,77.08,4.75,6.01,Surgery,22983,No,64.73,3375,1.49,27909,0.76,79.55
USA,2002,Hepatitis,Respiratory,7.13,6.96,4.02,61+,Other,251611,53.4,2.28,2.55,Therapy,45671,Yes,94.23,1869,1.21,84905,0.82,88.36
USA,2012,Diabetes,Chronic,4.9,6.6,6.16,61+,Female,438583,53.83,1.33,5.89,Surgery,40367,Yes,95.01,1674,5.37,48607,0.74,80.33
Australia,2017,Cholera,Chronic,6.33,12.84,2.47,36-60,Female,183029,67.22,0.73,0.72,Therapy,39219,No,87.03,2658,3.29,30332,0.77,23.65
Turkey,2003,HIV/AIDS,Metabolic,18.56,0.9,7.51,0-18,Female,751970,92.95,0.89,2.85,Vaccination,25402,No,78.8,3688,2.15,57913,0.64,41.13
India,2017,Polio,Cardiovascular,1.26,6.79,7.42,36-60,Other,243846,50.4,2.08,5.39,Medication,9681,No,60.5,4084,6.72,56210,0.56,78.17
India,2010,Ebola,Genetic,4.21,11,7.01,0-18,Male,656226,73.58,2.35,2.5,Medication,27378,Yes,75.42,1953,4.68,44096,0.76,84.27
Turkey,2009,Parkinson's Disease,Parasitic,0.13,4.88,5.56,36-60,Other,928625,77.83,1.09,7.68,Surgery,16925,No,92.6,1011,9.73,4928,0.56,21.46
Brazil,2024,Diabetes,Genetic,0.73,9.28,1.09,19-35,Male,4233,54.43,2.58,3.1,Therapy,2078,No,61.8,386,3.23,73287,0.74,25.44
Saudi Arabia,2013,Zika,Cardiovascular,5.02,12.51,7.95,36-60,Male,438887,83.75,4.59,2.83,Medication,785,No,60.11,561,7.37,50267,0.64,34.56
Japan,2003,Zika,Cardiovascular,8.85,10.11,5.56,61+,Male,176109,74.09,4.95,4.28,Vaccination,3231,No,67.02,2578,4.26,54291,0.63,45.8
Mexico,2013,Influenza,Neurological,6.53,3.9,6.61,19-35,Female,845940,59.02,1.28,6.74,Medication,13525,No,96.32,4051,8.44,20428,0.53,68.48
Germany,2008,Polio,Metabolic,15.02,0.38,7.85,19-35,Male,675112,95.64,2.01,9.62,Medication,37518,Yes,62.14,4181,5.4,66035,0.75,84.16
UK,2001,Asthma,Respiratory,15.09,1.39,5.28,19-35,Other,196827,66.84,1.08,1.76,Surgery,44835,No,52,2761,8.41,97683,0.88,66.41
France,2012,Polio,Genetic,17.97,14.95,0.51,61+,Male,472620,70.33,4.06,6.18,Vaccination,38948,No,58.35,2145,7.04,48508,0.89,42.88
Italy,2002,Hepatitis,Metabolic,11.27,14.1,6.54,61+,Other,411017,97.91,2.91,6.25,Surgery,1544,No,92.64,1654,3.75,6620,0.89,48.04
Russia,2009,COVID-19,Respiratory,19.48,10.41,3.4,19-35,Male,929016,97.88,0.86,6.51,Surgery,12023,Yes,86.8,1771,8.2,63115,0.59,57.31
UK,2008,Cancer,Bacterial,8.12,8.58,5.85,0-18,Male,432506,57.81,0.79,6.69,Vaccination,40742,No,97.46,812,9.21,5939,0.41,32.76
Nigeria,2003,Polio,Infectious,8.2,13.28,8.04,19-35,Male,197972,56.79,2.71,6.53,Medication,27625,No,63.55,1881,4.38,2347,0.45,68.52
Australia,2013,Cancer,Cardiovascular,16.13,7.82,2.81,36-60,Male,75709,99.72,3.31,9.49,Therapy,24545,No,57.43,2607,2.22,41811,0.78,37.57
Canada,2015,Cholera,Respiratory,0.2,12.46,0.62,19-35,Male,997992,60.93,3.26,4.44,Therapy,10376,Yes,93.68,2406,4.59,72805,0.74,22.52
UK,2023,Polio,Bacterial,10.69,5.69,3.12,19-35,Male,55467,53.02,3.58,2.32,Vaccination,10052,No,71.01,959,5.57,87935,0.64,89.02
South Africa,2001,Dengue,Viral,5.36,12.16,1.15,36-60,Other,943366,59.36,1.21,2.65,Therapy,19131,Yes,86.17,456,6.91,77661,0.83,39.8
USA,2020,Influenza,Metabolic,8.06,0.4,2.78,61+,Male,871292,60.95,2.81,8.16,Therapy,49671,Yes,58.75,1458,1.23,31474,0.73,55.38
Argentina,2012,Malaria,Genetic,2.71,10.97,5.68,19-35,Female,837164,95.72,3.28,3.33,Surgery,26506,Yes,89.14,2779,6.35,56606,0.49,67.91
Brazil,2021,Malaria,Parasitic,12.12,4.91,5.55,0-18,Male,767760,76.47,3.31,9.86,Vaccination,38837,No,76.76,4643,6.57,53833,0.41,64.3
China,2013,Cancer,Viral,15.57,4.01,4.44,36-60,Male,386948,98.78,4.17,7.51,Medication,3109,No,67.24,1330,7.33,77104,0.48,61.36
Brazil,2009,Rabies,Autoimmune,4.96,5.73,6.74,61+,Male,468156,80.73,4.03,9.4,Therapy,15324,No,90.18,3420,9.89,94506,0.48,68.94
Russia,2012,Asthma,Chronic,4.82,6.69,2.02,36-60,Female,695608,86.77,1.97,7.3,Therapy,16648,No,94.04,3429,0.77,80558,0.88,67.57
Brazil,2016,Leprosy,Autoimmune,1.22,11.06,9.54,61+,Female,78563,77.08,2.28,4.37,Medication,20016,No,86.81,2023,0.05,15506,0.41,36.11
Russia,2021,Diabetes,Autoimmune,14.29,1.57,7.12,0-18,Female,920061,70.1,2.61,4.03,Vaccination,38676,No,87.97,2370,0.24,87314,0.75,39.47
Turkey,2020,Parkinson's Disease,Bacterial,19.87,2.85,8.83,0-18,Other,869772,95.5,4.54,6.46,Therapy,42978,No,91.8,66,3.67,14709,0.53,48.44
Mexico,2008,Dengue,Parasitic,3.21,9.93,3.15,19-35,Other,173719,78.85,0.58,4.91,Therapy,49028,No,92.23,3335,4.82,13343,0.53,74.5
Australia,2020,Malaria,Genetic,12.89,12.34,1.52,36-60,Other,108176,54.73,3.32,5.35,Medication,9153,Yes,85.7,3411,1.03,13201,0.62,34.93
Australia,2006,Hypertension,Respiratory,13.42,7.87,6.43,19-35,Female,635718,86.96,1.89,3.9,Medication,34292,No,59.44,23,5.58,54642,0.61,24.4
Nigeria,2013,COVID-19,Genetic,16.42,3.73,9.38,0-18,Other,54680,79.4,1.94,1.49,Therapy,18609,Yes,59.41,3752,8.61,1528,0.46,70.12
Japan,2013,Alzheimer's Disease,Metabolic,6.24,2.74,0.38,19-35,Female,574312,88.68,0.82,4.68,Vaccination,22952,Yes,51.68,2959,0.87,17778,0.8,34.27
South Korea,2023,Ebola,Chronic,9.74,11.62,3.87,0-18,Male,15852,91.8,2.92,8.71,Vaccination,33473,Yes,76.67,3585,3.33,33284,0.53,47.29
Saudi Arabia,2024,Malaria,Chronic,13.4,11.44,9.59,61+,Other,259325,63.99,3.16,5.84,Surgery,14273,Yes,90.56,4937,7.2,78046,0.64,70.02
China,2023,Cancer,Genetic,18.82,1.97,0.55,19-35,Male,421832,87.89,1.42,3.33,Vaccination,49084,Yes,83.95,2231,1.4,49305,0.65,30.79
China,2013,Hepatitis,Metabolic,15.83,0.95,2.06,36-60,Male,696874,72.54,2.28,8.5,Surgery,44472,Yes,54.76,1410,9.36,33958,0.83,40.23
Australia,2003,Measles,Cardiovascular,13.62,5.88,2.9,61+,Male,664678,90.61,3.14,4.88,Vaccination,16650,No,58.4,3739,9.92,64000,0.56,84.69
Japan,2010,Tuberculosis,Metabolic,8.19,14.32,5.89,0-18,Other,313216,57.24,2.33,7.01,Surgery,13382,No,90.54,3489,2.94,44123,0.41,52.46
Turkey,2007,Dengue,Bacterial,15.55,12.9,6,61+,Male,445868,73.53,0.85,7.33,Therapy,46459,No,83.86,836,1.69,94847,0.5,37.61
South Korea,2007,Cholera,Genetic,5.13,6.29,2.12,61+,Other,641206,85.48,0.67,4.46,Surgery,4233,Yes,65.96,1354,3.11,27899,0.74,47.13
Mexico,2009,Ebola,Autoimmune,12.49,5.49,6.46,36-60,Male,970906,92.74,3.13,2.29,Medication,10256,Yes,94.83,556,7.33,92918,0.56,34.93
USA,2023,Dengue,Parasitic,12,5.12,9.81,19-35,Male,825564,60.93,2.6,7.1,Surgery,45724,Yes,52.79,2735,9.81,22960,0.84,59.6
USA,2004,Leprosy,Parasitic,12.46,8.02,2.27,36-60,Male,741313,51.61,3.24,5.53,Surgery,26577,No,93.78,4853,1.79,69394,0.51,52.76
Russia,2017,Diabetes,Respiratory,15.96,10.06,5.16,19-35,Male,753582,61.65,2.47,5.49,Medication,48049,No,58.86,4099,1.28,48858,0.59,75.36
Saudi Arabia,2007,Diabetes,Parasitic,5.5,14.36,9.2,19-35,Other,546335,71.61,3.51,8.95,Surgery,37978,No,54.99,3313,4.68,65831,0.71,38.02
Italy,2007,Hepatitis,Bacterial,10.86,4.27,7.6,36-60,Female,786494,87.48,0.53,1.4,Surgery,32906,Yes,67.71,3487,9.22,80649,0.46,57.03
Russia,2000,Polio,Cardiovascular,18.78,13.15,8.79,0-18,Female,502933,68.39,0.81,7.72,Therapy,31272,Yes,64.8,1625,0.13,99433,0.62,64.48
India,2002,Parkinson's Disease,Bacterial,8.39,13.32,7.64,19-35,Other,664263,82.12,2.78,8.63,Vaccination,31921,Yes,96.66,298,9.55,51795,0.54,67.42
UK,2014,Zika,Parasitic,7.72,0.19,1.47,0-18,Other,859912,74.33,1.35,1.9,Medication,19614,Yes,66.85,4547,0,37449,0.79,79.34
Germany,2015,Leprosy,Parasitic,7.71,9.52,5.16,36-60,Female,242729,79.06,4.17,9.9,Medication,43093,No,93.67,2410,3.78,58533,0.42,68.89
India,2000,Tuberculosis,Neurological,4.11,12.63,3.34,19-35,Other,487858,72.5,3.81,1.75,Therapy,36473,Yes,63.61,1006,4.71,96423,0.49,82.85
Argentina,2018,Influenza,Cardiovascular,10.17,3.67,1.15,19-35,Female,547008,76.27,3.33,8.61,Surgery,28770,No,89.84,2174,7.55,45271,0.54,34
Italy,2017,Polio,Neurological,5.82,12.64,4.69,0-18,Female,780304,96.24,2.36,9.83,Therapy,44177,No,72.86,2317,8.27,52017,0.43,30.09
Germany,2018,Alzheimer's Disease,Cardiovascular,16.48,0.49,7.75,0-18,Male,604361,64.79,0.68,4.45,Vaccination,11595,No,96.23,4504,3.45,16510,0.82,54.13
Argentina,2017,Malaria,Cardiovascular,13.13,9.85,1.08,36-60,Female,445865,70.18,2.04,5.28,Therapy,20492,No,53.74,3786,9.42,50516,0.5,67.37
Germany,2020,Polio,Viral,1.6,10.78,2.3,36-60,Other,583108,68.29,4.65,3.78,Therapy,31708,No,97.8,3740,7.11,85897,0.62,55.51
Canada,2010,Malaria,Neurological,4.26,13.73,0.16,36-60,Male,996493,64.39,4.74,1.9,Medication,37562,Yes,67.9,4134,2.93,70904,0.77,70.87
Indonesia,2016,Ebola,Respiratory,5.09,9.7,0.37,19-35,Female,794791,79.41,2.98,8.97,Medication,7037,No,91.09,408,4.93,7672,0.88,41.64
Brazil,2000,Zika,Metabolic,14.48,5.42,3.49,61+,Female,391316,98.41,1.34,7.7,Therapy,1036,Yes,71.26,4789,5.72,54529,0.66,22.22
Indonesia,2011,Measles,Genetic,0.7,7.19,5.33,36-60,Other,622322,73.18,3.13,7.37,Vaccination,15470,Yes,52.66,26,8.16,54588,0.49,41.92
France,2008,Rabies,Autoimmune,4.21,8.48,3.49,19-35,Other,960461,55.28,1.5,4.19,Therapy,8740,No,72.57,1719,3.93,42149,0.75,74.76
Nigeria,2017,Diabetes,Parasitic,12.36,13.74,2.65,61+,Male,66129,93.82,4.61,1.86,Surgery,25753,Yes,94.81,1792,5.5,67111,0.8,52.95
Saudi Arabia,2020,Rabies,Viral,13.62,3.99,6.26,61+,Male,492240,82.48,2.13,1.03,Medication,18272,No,78.6,2439,3.29,72145,0.74,24.82
Australia,2019,Influenza,Cardiovascular,6.98,3.24,5.95,36-60,Other,530109,80.27,4.06,7.35,Surgery,37990,No,86.87,2150,0.29,53867,0.69,80.69
South Korea,2024,Parkinson's Disease,Metabolic,19.7,12.87,6.32,36-60,Male,554052,91.59,2.68,9.11,Therapy,48474,No,97.27,4279,7.01,12187,0.69,23.56
Japan,2019,Dengue,Metabolic,19.2,1.97,7.48,61+,Female,376897,73.74,0.7,5.93,Medication,34135,No,64.37,3811,3.14,26749,0.45,67.9
UK,2011,Diabetes,Genetic,5.72,10.06,1.41,19-35,Female,161946,67.48,4.25,6.16,Therapy,9037,No,80.78,1377,6.2,91002,0.41,72.18
South Korea,2023,Rabies,Chronic,12.65,1.03,4.51,0-18,Male,485252,91.37,4.34,8.99,Therapy,45917,Yes,76.25,3751,9.47,78729,0.7,76.45
Australia,2024,Parkinson's Disease,Autoimmune,9.28,6.83,2.54,0-18,Female,212421,72.33,0.62,1.88,Therapy,44685,No,67.4,668,8.6,61135,0.55,83.2
Saudi Arabia,2002,Diabetes,Cardiovascular,10.88,1.36,7.36,61+,Female,747469,83.96,4.02,6.89,Medication,38584,Yes,97.16,1287,6.48,33433,0.83,51.69
USA,2005,Polio,Parasitic,7.12,13.74,5.82,19-35,Female,331204,89.47,4.44,8.34,Therapy,33487,Yes,74.97,3499,4.26,1260,0.87,61.63
Australia,2016,Hypertension,Autoimmune,8.63,1.82,8.79,61+,Male,119821,68.25,0.53,4.75,Medication,13684,No,82.17,3334,5.04,54058,0.48,49.33
Australia,2020,HIV/AIDS,Parasitic,6.06,4.94,8.39,61+,Other,634580,52.03,3.17,1.9,Vaccination,2135,Yes,76.59,1098,4.86,73531,0.86,64.03
Saudi Arabia,2001,Influenza,Neurological,6.23,14.48,7.53,19-35,Male,122738,57.7,4.78,6.79,Medication,47709,Yes,98.83,2900,5.94,70479,0.82,40.69
Australia,2015,Ebola,Genetic,1.38,8,5.82,19-35,Other,549267,65.6,1.35,2.91,Surgery,14131,Yes,88.82,374,0.87,76932,0.49,79.87
Japan,2004,Rabies,Autoimmune,0.35,9.2,4.61,61+,Female,108017,67.46,0.8,5.69,Surgery,48684,No,81.76,2133,9.15,99547,0.55,62.18
Brazil,2012,COVID-19,Bacterial,16.96,10.94,1.14,0-18,Female,649479,55.18,4.19,7.33,Surgery,4420,No,69.43,3022,9.01,39858,0.63,52.51
South Africa,2000,Ebola,Bacterial,10.43,12.28,4.08,61+,Male,628263,61.13,2.79,7.22,Therapy,21268,No,77.85,1716,6.49,67632,0.69,63.85
Italy,2020,Rabies,Chronic,9.92,2.92,2.57,61+,Female,833716,75.16,2.12,0.93,Therapy,23376,No,77.88,4432,3.25,92888,0.7,49.97
USA,2012,Alzheimer's Disease,Chronic,12.6,11.93,4.71,0-18,Male,792327,72.73,3.45,5.25,Surgery,1643,No,65.47,3823,1.59,91464,0.44,28.6
China,2001,Dengue,Parasitic,8.68,1.07,2.32,36-60,Other,112276,77.59,3.42,0.81,Therapy,1976,Yes,61.64,4734,9.41,99269,0.9,66.95
Argentina,2014,Asthma,Neurological,12.73,8.53,3.42,0-18,Female,267470,55.57,1.27,3.96,Medication,39981,Yes,50.41,4447,4.42,78847,0.79,54.25
China,2019,Alzheimer's Disease,Bacterial,12.37,1.92,8.57,61+,Male,674211,86.77,1.15,3.22,Vaccination,30285,No,58.38,521,0.4,12288,0.84,78.13
Turkey,2007,Dengue,Autoimmune,8.83,9.3,3.08,61+,Male,327893,51.36,3.12,4.87,Medication,38755,No,58.18,4823,2.06,61524,0.9,52.11
UK,2016,COVID-19,Genetic,17.8,9.5,8.53,61+,Other,988281,88.05,2.9,6.97,Vaccination,33812,Yes,55.19,2484,6.08,94279,0.44,23.67
Nigeria,2021,Asthma,Bacterial,13.26,5.25,9.15,36-60,Other,252392,63.71,2.41,3.2,Therapy,949,Yes,88.03,2076,1.84,71761,0.58,72.54
Australia,2003,Leprosy,Respiratory,12.86,9.48,2.11,36-60,Other,941410,72.74,1.99,1.96,Medication,13611,Yes,85.86,2390,4.79,73626,0.55,46.91
Turkey,2011,Zika,Bacterial,9.26,12.59,8.1,61+,Male,863096,94.83,1.39,6.03,Medication,49528,Yes,76.29,831,8.35,42938,0.47,24.87
Australia,2019,Zika,Chronic,7.27,1.81,8.44,36-60,Female,923238,51.58,4.97,2.57,Surgery,21613,Yes,87.9,3464,6.53,36762,0.62,82.5
Mexico,2002,Cholera,Neurological,15.48,2.37,1.28,19-35,Male,795152,84.52,1.66,4.09,Therapy,5227,Yes,78.25,3299,2.32,62623,0.51,76.02
Russia,2005,HIV/AIDS,Bacterial,13.66,10.43,0.54,36-60,Male,150727,56.03,1.18,0.99,Surgery,10313,No,98.5,970,1.49,31288,0.78,47.86
Turkey,2011,Measles,Genetic,1.9,6.1,3.18,36-60,Male,380677,82.38,1.07,6.2,Medication,25818,No,88.93,34,7.12,80121,0.89,46.02
Australia,2011,Hypertension,Respiratory,3.45,4.54,4.9,61+,Male,593948,74.16,2.23,6.26,Vaccination,40570,Yes,87.63,1313,2.9,11114,0.44,60.02
Mexico,2024,Rabies,Autoimmune,8.75,11.65,2.55,36-60,Male,62382,51.41,0.89,5.62,Therapy,11265,Yes,96.72,4162,6.38,34684,0.73,64.67
South Korea,2018,COVID-19,Autoimmune,5.68,5.18,7.41,61+,Male,130852,79.45,1.32,5.3,Surgery,42881,Yes,69.89,286,9.92,68898,0.83,39.47
Turkey,2007,Cancer,Autoimmune,11.36,6.84,0.33,19-35,Other,422894,56.41,3.01,1.39,Surgery,478,Yes,72.14,781,9.31,59914,0.8,88.13
Germany,2009,HIV/AIDS,Respiratory,0.97,3.97,2.22,0-18,Female,881564,89.55,4.04,6.1,Surgery,46305,No,61.33,3311,5.89,23002,0.77,37.53
UK,2022,Ebola,Infectious,13.47,1.67,7.39,0-18,Male,757339,62.94,1.86,2.72,Surgery,22504,Yes,93.31,1707,3.28,29661,0.44,65.25
UK,2020,Diabetes,Bacterial,0.64,7.28,1.91,19-35,Male,140343,53.97,1.9,9.73,Vaccination,33721,No,95.04,2041,6.01,58838,0.5,36.66
China,2024,Rabies,Chronic,6.38,12,4.29,61+,Other,505477,92.74,1.37,9.02,Vaccination,31813,Yes,57.61,1872,8.87,41320,0.69,53.19
India,2023,Ebola,Parasitic,5.41,5.39,8.18,36-60,Other,202968,81.03,1.61,8.6,Medication,48771,Yes,96.97,1854,5.13,11353,0.67,27.29
Saudi Arabia,2014,Asthma,Respiratory,12.52,8,3.27,19-35,Male,679341,53.21,2.86,9.82,Surgery,21986,Yes,59.25,4051,9.09,42231,0.9,55.44
Indonesia,2017,Zika,Infectious,11.76,3.46,4.69,36-60,Female,927687,55.55,1.49,9.91,Surgery,25038,No,57.22,3544,3.75,53300,0.63,59.25
Japan,2024,Hypertension,Cardiovascular,15.89,1.56,3.22,61+,Male,505520,99.7,2.43,5.91,Surgery,22596,No,66.54,2959,5.08,19393,0.42,67.6
France,2015,Tuberculosis,Chronic,16.5,5.67,3.37,36-60,Male,758816,69.48,1.08,8.17,Surgery,22490,No,95.16,1044,3.36,87642,0.81,43.04
Australia,2022,Parkinson's Disease,Respiratory,1.21,11.67,7.07,36-60,Female,968955,84.01,1.64,8.61,Therapy,34503,Yes,64.35,996,6.53,45564,0.75,62.99
Nigeria,2019,Polio,Chronic,8.75,3.59,8.32,19-35,Other,190562,72.22,1.89,7.42,Vaccination,7261,No,85.8,3348,3.45,97990,0.48,25.25
Turkey,2011,Hepatitis,Genetic,19.67,8.35,0.46,19-35,Male,269256,73.95,3.36,8.22,Surgery,40169,No,58.02,62,8.43,88099,0.43,78.01
France,2003,Influenza,Chronic,12.3,5.28,8.24,19-35,Other,957488,75.8,3.03,8.13,Surgery,8650,No,91.51,3832,7.11,98804,0.66,58.65
Indonesia,2020,Ebola,Neurological,1.37,0.11,0.71,36-60,Female,107468,77.8,3.76,3.67,Surgery,44598,No,66.37,3606,6.14,30664,0.63,55.09
Turkey,2004,Tuberculosis,Autoimmune,12.75,10.41,1.88,61+,Female,322573,94.26,2.41,6.39,Therapy,20475,No,81.02,4142,2.6,54219,0.59,43.73
India,2022,Cancer,Neurological,12.16,5.23,4.93,61+,Female,462287,83.75,0.74,6.91,Medication,32568,Yes,92.27,859,0.27,78009,0.75,31.35
France,2011,Alzheimer's Disease,Infectious,1.38,1.53,9.42,19-35,Male,181315,71.72,2.7,8.55,Surgery,10746,No,74.96,145,8.71,95953,0.52,36.68
China,2013,Parkinson's Disease,Genetic,18.11,9.69,7.56,61+,Other,245909,60.16,1.86,2.53,Vaccination,15331,No,64.27,4961,1.31,53838,0.89,55.44
Indonesia,2000,Influenza,Neurological,5.34,4.94,5.99,36-60,Female,681502,77.7,3.78,2.08,Surgery,28124,Yes,94.56,4420,7.73,18554,0.81,21.94
Canada,2022,Zika,Parasitic,9.44,11.41,0.52,36-60,Other,745297,63.19,1.97,0.64,Medication,7225,No,88.15,1192,7.08,43161,0.71,35.54
Russia,2004,Asthma,Metabolic,6.73,0.94,1.31,0-18,Female,239170,83.78,0.87,3.5,Surgery,18996,No,55.62,3480,6.52,13449,0.56,49.91
Argentina,2011,Leprosy,Infectious,12.29,14.99,1.94,61+,Male,23450,67.16,3.15,2.16,Therapy,23639,Yes,72.18,1342,2.19,7801,0.71,74.7
Russia,2005,Zika,Respiratory,18.94,0.55,8.57,0-18,Other,94432,82.88,1.87,7.01,Vaccination,28086,Yes,54.8,448,7.26,34306,0.61,83.05
Nigeria,2018,Malaria,Neurological,16.68,7.65,3.93,19-35,Male,761670,64.94,2.82,7.2,Surgery,40877,No,89.53,44,9.87,78847,0.55,83.3
Argentina,2004,Parkinson's Disease,Chronic,1.85,11.9,1.07,0-18,Other,429160,81.16,2.17,0.87,Medication,45822,No,79.78,1994,0.9,39147,0.47,25.19
Russia,2011,Dengue,Genetic,13.59,4.93,5.69,36-60,Male,588749,72.36,3.94,9.41,Vaccination,25076,No,55.83,1453,7.43,55758,0.64,74.09
Canada,2017,Zika,Metabolic,17.12,11.21,9.83,0-18,Other,994638,69.64,1.59,8.99,Surgery,32605,No,80.55,1423,3.32,59121,0.66,73.08
Canada,2019,Parkinson's Disease,Metabolic,7.67,11.75,9.43,19-35,Female,74107,63.52,4.78,5.83,Surgery,45020,No,81.39,1309,9.86,15781,0.9,40.58
Nigeria,2014,Zika,Respiratory,19.55,11.39,9.65,19-35,Male,808334,95.38,3.05,9.96,Therapy,10561,No,76.6,1517,3.75,6733,0.69,41.75
Italy,2019,Parkinson's Disease,Neurological,7.86,11.62,4.49,61+,Male,461301,57.71,4.58,4.43,Medication,7373,No,72.27,4989,1.04,71945,0.81,43.67
Mexico,2006,Ebola,Neurological,13.79,11.33,3.77,0-18,Female,271269,51.77,4.66,0.52,Surgery,38674,Yes,92.08,758,4.99,30397,0.7,36.38
Saudi Arabia,2023,Cholera,Viral,5.85,3.44,1.98,61+,Female,495571,76.08,1.54,4.51,Medication,21081,Yes,54.43,1666,9.81,23578,0.45,53.75
Japan,2019,Dengue,Autoimmune,19.73,9.45,3.46,0-18,Male,485580,70.88,1.88,4.25,Medication,46130,No,95.33,2429,3.24,43160,0.55,69.6
Nigeria,2022,Rabies,Bacterial,7.52,5.48,0.79,19-35,Female,356524,95.79,2.82,1.89,Therapy,28844,No,75.59,3733,0.41,3366,0.61,55.05
Mexico,2012,Measles,Viral,1.38,2.68,4.4,19-35,Male,536766,54.72,3.67,5.62,Surgery,39501,No,84.53,3375,6.88,61532,0.75,42.61
Japan,2021,Rabies,Metabolic,5.07,1.84,5.82,19-35,Female,799746,82.7,3.05,4.79,Vaccination,38929,No,59.74,2835,0.05,42870,0.62,34.63
China,2001,Zika,Chronic,17.58,13.55,1.24,36-60,Other,19064,61.06,3.53,3.46,Medication,3599,Yes,64.94,3493,7.98,55656,0.46,38.88
Australia,2023,Leprosy,Viral,15.88,7.06,4.39,19-35,Female,798913,83.71,4.77,1.14,Therapy,11473,No,78.43,50,9.66,86234,0.51,62.34
USA,2001,Alzheimer's Disease,Chronic,15.92,0.31,0.2,36-60,Male,653764,95.67,3.57,2.95,Vaccination,48126,No,72.62,2622,6.4,11783,0.85,53.47
France,2020,Tuberculosis,Neurological,9.13,13.68,4.57,61+,Other,88365,58.66,1.74,7.52,Therapy,44342,No,54.69,3799,8.57,7982,0.41,87.38
USA,2005,COVID-19,Genetic,7.45,13.13,6.72,19-35,Other,985973,59.19,4.62,1.41,Medication,35309,No,64.1,3353,2.17,9984,0.9,43.01
Japan,2016,Influenza,Chronic,1.82,11.86,2.39,0-18,Other,450550,65.27,4.12,3.23,Therapy,8204,No,82.65,3240,6.3,27471,0.7,72.89
Australia,2013,COVID-19,Bacterial,11.45,11.28,9.36,61+,Female,324553,52.03,4.66,5.91,Medication,13303,Yes,51.05,1780,9.1,14702,0.89,32.78
South Korea,2006,Cancer,Metabolic,4.78,6.86,0.12,36-60,Male,898336,76.11,1.99,7.09,Therapy,9581,Yes,74.45,3972,4.11,66146,0.59,50.57
South Africa,2011,HIV/AIDS,Autoimmune,8.82,0.94,3.38,0-18,Male,608766,72.23,2.7,1.54,Surgery,26357,Yes,55.16,2088,4.96,24979,0.87,55.16
Mexico,2004,Measles,Genetic,6.23,2.53,3.12,36-60,Male,331715,61.06,2.65,5.82,Therapy,25583,Yes,74.28,1797,7.39,51635,0.59,59.05
France,2002,Influenza,Viral,8.39,10.3,7,36-60,Female,566300,55.09,2.72,1.36,Therapy,28493,No,95.1,3303,3.34,6911,0.69,21.25
South Africa,2022,Polio,Cardiovascular,18.88,11.8,9.99,36-60,Female,561212,75.27,3.67,4.79,Medication,15088,No,67.72,2669,2.56,84467,0.76,61.49
Canada,2002,Cholera,Neurological,19.53,1.97,2.08,36-60,Male,328948,50.86,1.99,8.73,Surgery,2507,Yes,62.29,4595,1.04,71946,0.45,51.67
Indonesia,2009,Cholera,Neurological,15.11,6.88,2.52,19-35,Female,809983,58.8,3.66,7.47,Vaccination,34655,Yes,74.81,989,0.24,48252,0.6,74.73
Brazil,2013,Leprosy,Respiratory,14.42,12.89,1.1,61+,Female,630793,61.59,0.51,2.2,Vaccination,44286,Yes,95.19,3132,8.33,82161,0.72,67.63
UK,2003,Malaria,Metabolic,9.46,1.89,8.11,19-35,Male,505295,65.92,2.7,6.67,Surgery,25105,Yes,62.69,672,6.83,27442,0.83,21.12
Indonesia,2013,Hepatitis,Bacterial,12.12,10.46,9.68,19-35,Male,849820,77.26,4.23,0.65,Surgery,38737,Yes,71.31,4545,8.27,13662,0.43,72.88
Japan,2003,Leprosy,Metabolic,18.35,4.56,7.08,36-60,Female,90090,57.82,2.52,7.92,Medication,49392,No,94.6,3826,4.51,82818,0.81,34.35
Mexico,2006,Influenza,Respiratory,8.87,9.33,2.73,36-60,Other,232757,83.33,4.64,4.05,Vaccination,45105,No,64.62,3520,1.46,65177,0.61,22.67
Italy,2006,Polio,Metabolic,9.4,11.78,6.43,19-35,Female,39955,98.33,0.7,6.89,Medication,17911,Yes,68.46,2148,7.8,46301,0.55,61.11
Russia,2008,Asthma,Genetic,9.2,5.62,8.11,36-60,Female,190835,53.99,3.77,4.45,Vaccination,12362,No,53.92,4800,9.13,73195,0.58,84.25
Russia,2005,Dengue,Viral,5.73,2.78,6.74,61+,Male,462925,93.04,4.39,7.76,Medication,34429,No,84.51,304,9.64,52338,0.62,41.79
China,2009,Hypertension,Metabolic,15.4,8.81,9.02,36-60,Male,795379,63.58,1.45,3.58,Vaccination,44457,No,75.81,3048,5.18,5409,0.54,65.67
Japan,2002,Leprosy,Cardiovascular,15.39,12.12,4.78,0-18,Male,264016,86.42,3.74,4.81,Medication,14256,No,63.08,1059,1.18,63922,0.49,54.95
Russia,2008,Rabies,Viral,1.42,6.87,2.96,0-18,Female,556432,79.68,2.06,3.67,Vaccination,47012,No,77.54,2281,0.08,8752,0.86,77.92
Argentina,2006,Leprosy,Infectious,16.05,14,9.57,19-35,Male,786438,83.81,0.51,4.13,Vaccination,632,No,87.45,1712,1.49,40332,0.55,31.49
Mexico,2021,Cholera,Neurological,17,0.51,4.65,61+,Other,576477,82.73,4.46,4.31,Surgery,33907,Yes,81.74,219,7.84,56471,0.72,24.53
France,2003,Ebola,Neurological,15.22,10.33,1.46,61+,Other,572869,86.4,4.68,6.92,Therapy,37460,No,97.31,186,5.59,71778,0.86,28
Germany,2022,Leprosy,Bacterial,12.75,5.26,0.12,19-35,Male,932796,56.17,3.74,3.74,Therapy,14925,No,59.29,4043,2.43,49037,0.85,30.38
Turkey,2020,COVID-19,Cardiovascular,14.63,4.26,2.67,36-60,Other,189141,92.46,0.7,8.98,Therapy,27140,Yes,61.52,2571,7.65,80634,0.73,78.65
Saudi Arabia,2010,Hypertension,Chronic,9.76,12.87,1.03,0-18,Female,180999,55.04,2.59,3.91,Therapy,45581,Yes,77.07,3574,0.44,30186,0.86,48.1
Argentina,2000,Hypertension,Infectious,13.67,12.83,6.94,61+,Male,363360,53.59,1.82,6.26,Surgery,12141,No,53.56,3558,8.86,22310,0.41,20.53
Indonesia,2017,Parkinson's Disease,Bacterial,10.98,9.7,5.39,0-18,Other,361064,55.71,2.84,0.64,Vaccination,41744,Yes,51.69,4440,7.76,7192,0.76,60.87
France,2000,Alzheimer's Disease,Autoimmune,12.52,6.73,4.61,19-35,Female,209982,59.8,1.88,6.53,Vaccination,32484,No,73.7,3778,1.07,866,0.61,63.41
South Korea,2013,Cholera,Bacterial,17.24,13,6.09,0-18,Female,475133,89.55,3.45,3.02,Medication,24813,Yes,56.29,3904,9.77,60358,0.83,60.29
Brazil,2008,Alzheimer's Disease,Autoimmune,6.46,13.76,2.27,36-60,Male,998568,92.71,4.47,6.06,Vaccination,38135,No,67.41,4249,0.47,16932,0.46,58.73
Nigeria,2000,Dengue,Metabolic,15.65,10.07,1.4,61+,Female,290272,76.9,1.83,7.91,Vaccination,1774,No,76.34,2551,7.5,87464,0.75,37.15
USA,2023,HIV/AIDS,Parasitic,6.87,12.19,8.07,0-18,Male,154673,99.94,1.16,3.04,Therapy,36734,Yes,55.05,2507,7.33,89593,0.42,21.39
Turkey,2003,Leprosy,Genetic,5.23,0.9,9.16,19-35,Female,481752,58.82,0.64,9.54,Therapy,38810,Yes,98.89,1344,3.57,99265,0.72,53.62
Italy,2007,Measles,Respiratory,11.38,5.57,0.99,36-60,Male,295698,53.59,3.58,8.23,Medication,24950,Yes,91.66,4069,6.1,63691,0.56,64.77
Turkey,2006,Polio,Parasitic,18.46,7.78,6.42,61+,Other,232518,72,3.82,8.28,Therapy,10978,No,58.57,2663,8.84,91495,0.87,46.95
Turkey,2000,HIV/AIDS,Autoimmune,15.25,2.38,8.78,0-18,Male,700885,65.14,4.38,9.87,Medication,46322,Yes,74.12,4389,6.7,50561,0.53,67.75
South Africa,2004,Ebola,Respiratory,12.68,7.07,0.53,61+,Male,589027,61.23,1.94,1.42,Vaccination,39038,Yes,77.24,1346,4.65,63415,0.73,20.52
UK,2015,Rabies,Bacterial,9.72,4.59,1.59,61+,Female,192154,82.83,2.65,8.61,Surgery,37104,Yes,89.68,1597,4.22,27441,0.87,34.22
Russia,2017,Measles,Bacterial,12.64,0.51,6.44,0-18,Female,394381,98.55,1.48,9.32,Surgery,44191,Yes,67.3,1832,1.85,34263,0.49,58.29
Canada,2019,HIV/AIDS,Viral,13.73,0.58,8.07,36-60,Female,637923,87.26,4.84,1.27,Surgery,29201,No,92.88,4398,8.46,19062,0.53,52.06
Argentina,2022,Rabies,Neurological,13.15,2.66,7.18,19-35,Other,691168,76.71,2.17,5.58,Surgery,48484,Yes,51.77,2223,1.78,21498,0.52,26.58
Italy,2016,Leprosy,Neurological,0.72,11.12,0.43,19-35,Female,628421,53.98,3.85,6.64,Vaccination,32105,Yes,96.37,107,7.41,92251,0.41,75.33
Canada,2005,Hepatitis,Genetic,16.07,4.32,0.85,61+,Male,406260,93.68,3.19,9,Therapy,23364,Yes,72.06,1313,2.7,35441,0.46,60.44
Australia,2003,Rabies,Infectious,14.7,13.3,4.37,36-60,Female,689317,53.79,1.15,3.96,Surgery,37545,Yes,80.06,2920,5.44,95185,0.68,87.79
Australia,2004,Malaria,Respiratory,7.33,9.26,9.53,61+,Other,217316,58.48,2.27,1.99,Surgery,47182,Yes,79.09,4515,3.79,10282,0.44,82.55
Turkey,2009,Malaria,Autoimmune,13.13,6.01,2.89,61+,Male,304189,63.79,3.76,2.54,Therapy,19007,Yes,97.78,1560,8.89,73363,0.45,26.6
Australia,2019,Hepatitis,Cardiovascular,5.08,11.98,4.77,36-60,Other,945415,80.87,4.89,7.25,Surgery,34824,Yes,74.91,3394,5.48,86523,0.69,51.63
Mexico,2023,Rabies,Chronic,14.09,7.69,5.95,19-35,Female,242948,72.29,1.9,2.52,Vaccination,1511,Yes,86.31,2203,6.46,99126,0.73,83.38
Indonesia,2023,Zika,Parasitic,10.39,8.03,2.37,19-35,Male,619109,51.8,1.63,6.18,Surgery,7457,Yes,59.54,4077,8.75,56532,0.78,71.47
Germany,2000,Ebola,Respiratory,8.45,2.42,2.2,19-35,Male,750763,54.93,2.94,4.5,Therapy,44109,Yes,67.48,3706,1.44,85564,0.79,39.27
Turkey,2008,Polio,Neurological,2.04,2.33,2.06,36-60,Female,169432,78.75,2.59,2.38,Surgery,15875,No,54.88,2154,7.17,13979,0.77,34.48
Australia,2011,Cancer,Respiratory,19.43,13.49,5.76,19-35,Other,315669,64.04,3.1,6.1,Therapy,36173,No,85.17,2058,6.77,46509,0.85,86.16
UK,2007,Hypertension,Genetic,3.42,4.23,8.49,0-18,Male,183719,70.07,2.18,8.3,Therapy,32051,Yes,66.06,4060,4.37,27358,0.86,54.33
Japan,2003,Influenza,Parasitic,2.36,6.66,4.84,36-60,Other,332304,74.38,4.48,7.6,Surgery,9824,No,82.29,4840,1.11,77515,0.42,52.51
South Korea,2016,Hypertension,Genetic,7.71,6.35,8.17,0-18,Female,468599,52.19,2.45,1.54,Medication,20535,No,58.73,4085,2.92,68288,0.73,61.3
Canada,2010,Asthma,Genetic,6.29,2.81,7.6,0-18,Other,62204,99.96,1.46,4.67,Medication,4038,Yes,52.41,4064,5.52,8592,0.46,58.71
Nigeria,2000,Zika,Respiratory,9.5,14.66,4.95,36-60,Male,375401,82.3,3.75,6.98,Surgery,47533,No,95.28,636,8.24,58795,0.6,78.13
Nigeria,2007,Malaria,Respiratory,5.4,10.35,8.46,61+,Other,148837,70.61,4.85,4.59,Medication,42325,Yes,78.16,1721,7.62,32308,0.54,34.73
India,2009,Asthma,Respiratory,11.09,0.61,0.19,61+,Male,443507,98.45,1.62,1.21,Medication,35639,Yes,74.77,3610,9.78,16646,0.8,28.3
China,2007,Leprosy,Autoimmune,18.57,0.33,1.47,36-60,Male,367840,65.1,0.62,2.21,Therapy,37204,Yes,66.61,1540,5.32,82814,0.65,70.26
Indonesia,2011,Alzheimer's Disease,Genetic,13.23,8.9,6.4,19-35,Female,125602,98.84,4.31,4.69,Surgery,25257,No,70.73,2148,8.5,48290,0.58,79.54
South Africa,2001,Alzheimer's Disease,Metabolic,7.92,4.81,1.69,19-35,Other,265689,61.93,3,3.77,Therapy,24301,No,62.54,2801,3.25,31323,0.56,36.91
USA,2021,Rabies,Genetic,15.35,10.93,0.54,36-60,Female,8728,66.2,1.69,1.05,Medication,42635,Yes,86.55,3624,3.53,7943,0.8,56.1
Brazil,2022,HIV/AIDS,Chronic,11.8,1.9,1.45,36-60,Other,959393,55.91,4.21,9.55,Vaccination,39717,Yes,50.28,4973,3.61,50253,0.72,57.75
China,2022,Asthma,Parasitic,4.74,6.86,1.66,0-18,Male,428767,86.24,3.82,3.85,Medication,7898,Yes,77.22,3685,9,14674,0.52,75.99
Brazil,2001,Cancer,Parasitic,0.15,12.68,9.36,19-35,Male,358457,97.03,3.15,6.79,Therapy,28228,No,59.11,3346,0.07,41284,0.52,55.24
India,2015,Alzheimer's Disease,Autoimmune,12.35,14.64,6.32,36-60,Other,32305,76.42,1.74,5.01,Medication,42769,Yes,64.54,3568,2.77,17326,0.74,52.36
Saudi Arabia,2001,Influenza,Respiratory,6.68,3.93,9.73,36-60,Other,802738,71.68,4.35,1.38,Vaccination,44612,Yes,96.69,2209,0.89,9898,0.49,78.04
South Africa,2005,Rabies,Neurological,8.11,13.14,9.33,36-60,Female,525325,63.96,0.61,1.57,Surgery,32127,Yes,51.47,2488,0.65,98783,0.6,68.8
USA,2013,Ebola,Neurological,13.76,13.48,9.18,61+,Female,919588,56.96,3.27,5.96,Vaccination,30471,No,78.52,4318,9.34,60015,0.77,53.76
Turkey,2006,Ebola,Cardiovascular,9.16,3.2,8.38,36-60,Female,191854,73.53,4.83,8.98,Vaccination,29739,No,92.12,127,8.42,76532,0.59,80.95
Indonesia,2001,COVID-19,Bacterial,6.8,4.31,2.88,36-60,Other,581445,92.98,4.55,3.23,Medication,23536,Yes,81.97,261,2.62,3910,0.69,38.9
Russia,2021,Diabetes,Chronic,15.84,11.62,2.26,61+,Female,717792,82.71,3.15,0.52,Medication,13191,Yes,68.02,3343,3.23,94326,0.79,32.73
Turkey,2007,Malaria,Respiratory,9.25,4.64,8.21,61+,Male,681172,70.11,2.03,9.43,Surgery,7704,Yes,70.26,2621,9.76,91764,0.84,23.08
Indonesia,2020,Hepatitis,Viral,2.17,10.63,6.56,19-35,Female,722928,72.7,4.62,0.63,Therapy,27784,No,52.03,2795,9.1,22328,0.45,41.75
USA,2012,Hepatitis,Genetic,15.17,1.9,4.76,61+,Male,561804,56.94,4.06,1.12,Therapy,13299,Yes,84.15,2386,8.91,31268,0.48,44.68
UK,2001,Dengue,Genetic,15.71,6,2.38,61+,Other,5779,70.58,2.59,6.71,Surgery,14111,No,50.74,4597,5.46,38002,0.58,53.31
Turkey,2015,Leprosy,Bacterial,8.2,8.51,5.24,19-35,Other,752054,59.36,4.46,4.29,Therapy,2255,No,54.29,40,6.66,19720,0.88,44.02
Nigeria,2001,Polio,Parasitic,11.57,0.25,7.95,36-60,Other,468765,51.73,4.85,7.35,Therapy,5371,No,54.4,4203,7.97,84658,0.77,46.28
Japan,2009,Parkinson's Disease,Viral,14.36,8.32,6.88,19-35,Male,468409,77.92,2,7.14,Surgery,30145,Yes,73.31,213,8.24,48993,0.71,21.84
India,2013,Leprosy,Viral,9.75,4.81,0.33,36-60,Female,366510,98.73,2.72,4.97,Surgery,33714,No,73.8,1034,5.63,76056,0.72,88.94
Nigeria,2011,Leprosy,Respiratory,14.47,3.13,5.56,36-60,Male,819433,68.66,0.79,5.86,Medication,41597,Yes,52.61,2275,7.52,13088,0.6,64.81
Mexico,2007,Hepatitis,Metabolic,9.8,13.29,4.56,36-60,Male,893309,97.51,4.75,7.07,Surgery,25379,No,78.66,3673,6.64,74906,0.68,44.31
South Africa,2023,Diabetes,Viral,1.61,15,7.66,36-60,Other,353105,57.01,3.38,1.03,Medication,21433,No,74.88,3859,7.5,77985,0.54,56.89
Argentina,2005,Polio,Parasitic,14.08,1.03,1.78,19-35,Female,864131,93.24,2.24,0.94,Therapy,41524,No,92.16,332,2.96,92640,0.56,34.37
Russia,2017,Asthma,Infectious,3.1,10.77,7.61,0-18,Male,220721,77.22,4.04,8.73,Therapy,34101,No,74.86,4772,8.39,77293,0.43,70.94
Japan,2023,Dengue,Parasitic,7.28,2.75,8.98,61+,Male,230036,72.44,4.13,5.54,Therapy,13749,Yes,67.76,3766,3.7,21787,0.57,50.5
Nigeria,2015,Hypertension,Viral,16,7.58,9.45,36-60,Male,943177,69.97,1.18,1.99,Vaccination,12713,Yes,73.64,465,2.67,27661,0.8,34.88
India,2013,Parkinson's Disease,Cardiovascular,9.45,8.26,5.19,61+,Other,37439,91.4,0.62,5.61,Vaccination,35565,Yes,91.47,374,3.71,3399,0.41,49.09
Australia,2016,Leprosy,Infectious,14.61,0.18,5.94,36-60,Other,280996,99.5,4.91,3.78,Therapy,46369,No,77.2,803,8.09,84027,0.72,72.99
Australia,2000,Zika,Neurological,11.27,13.78,6.65,36-60,Female,428655,50.38,1.13,1.75,Vaccination,21342,Yes,72.4,4558,3.08,95615,0.48,39.12
South Africa,2015,Hypertension,Metabolic,16.04,2.13,8.09,0-18,Male,592857,99.65,4.63,1.24,Surgery,19889,Yes,60.91,1137,1.25,95748,0.7,45.6
Turkey,2024,Zika,Respiratory,1.5,6.06,8.26,19-35,Male,667292,91.86,4.26,4.6,Medication,35889,Yes,70.32,1491,5.48,5130,0.41,58.63
China,2003,Hepatitis,Respiratory,12.98,0.73,3.13,36-60,Other,992012,65.93,0.81,2.69,Vaccination,4004,No,94.48,4938,5.42,65189,0.78,69.55
USA,2021,Rabies,Genetic,11,11.82,0.15,61+,Male,197122,92.64,2.63,3.64,Surgery,47468,No,73.51,1779,2.35,69253,0.63,87.01
Indonesia,2000,Asthma,Infectious,13.59,5.16,2.49,61+,Other,513904,79.33,4.62,3.26,Vaccination,44436,Yes,57.88,186,7.12,66195,0.57,75.63
South Africa,2005,HIV/AIDS,Autoimmune,9.01,0.13,7.03,19-35,Other,234348,96.07,4.81,1.31,Surgery,39181,No,77.7,502,3.98,53679,0.65,64.91
Indonesia,2006,Asthma,Respiratory,17.97,5.88,4.49,0-18,Other,485228,78.5,1.6,2.74,Vaccination,30519,Yes,52.14,4217,6.2,57466,0.65,33.55
Brazil,2000,Cancer,Bacterial,16.02,8.57,0.7,61+,Other,945633,80.4,2.31,9.43,Medication,30880,No,89.9,4568,7.31,84361,0.53,44.34
India,2008,Polio,Cardiovascular,7.17,3.84,5.03,19-35,Female,645018,86.03,2.51,3.21,Medication,19018,No,57.35,1601,4.26,59182,0.48,59.32
Argentina,2015,Measles,Bacterial,17.71,13.34,9.05,19-35,Other,28171,76.71,2.75,7.2,Surgery,40836,Yes,77.78,2709,3.34,22529,0.66,81.03
South Africa,2011,Influenza,Neurological,10.67,9.05,8.47,0-18,Other,940396,66.24,4.74,8.69,Medication,32057,No,53.7,1429,0.98,68458,0.48,36.84
Canada,2005,Asthma,Genetic,16.66,1.81,5.61,36-60,Female,11985,86.41,1.05,6.01,Vaccination,9606,Yes,81.81,2222,8.11,76425,0.46,36.95
South Africa,2007,Ebola,Bacterial,17.18,8.98,4.01,36-60,Female,339150,91.19,4.42,5.61,Medication,47236,Yes,80.49,587,0.96,93831,0.82,89.01
South Africa,2008,Cholera,Cardiovascular,12,6.95,5.15,61+,Female,309995,96.6,3.18,7.49,Vaccination,16624,No,73.91,1206,2.93,12737,0.85,49.73
Japan,2014,Zika,Bacterial,14.12,3.45,6.5,36-60,Other,85481,53.04,4.09,7.5,Medication,31249,No,50.44,1462,4.09,82851,0.58,76.19
China,2003,Cancer,Infectious,1.95,5.72,7.92,61+,Male,187249,93.57,0.79,3.09,Therapy,16183,No,63.34,1960,9.87,76600,0.75,28.06
Nigeria,2017,Hepatitis,Infectious,2.82,10.91,5.04,19-35,Female,353839,79.83,2.93,6.16,Surgery,8192,Yes,54.62,188,4.8,34510,0.51,84.97
South Korea,2001,Malaria,Neurological,9.29,7.34,5.94,36-60,Male,32083,55.68,3.89,7.13,Medication,24926,Yes,59.15,3874,3.85,80327,0.73,62.23
Japan,2023,Zika,Chronic,20,12.67,2.03,36-60,Other,729604,83.5,4.02,4.48,Surgery,18212,No,55.39,700,8.31,75702,0.83,71.54
South Korea,2012,HIV/AIDS,Cardiovascular,4.39,2.76,6.87,19-35,Other,88776,81.58,3.06,2.11,Medication,11590,Yes,82.13,212,4.62,76924,0.75,27.23
Russia,2020,Cancer,Respiratory,10.72,3.24,4.78,0-18,Female,13136,83.91,2.39,8.69,Vaccination,10553,No,79.27,2335,7.3,70636,0.81,82.78
Argentina,2014,Cholera,Viral,15.83,8.16,3.54,19-35,Female,953937,80.51,2.24,7.74,Surgery,35635,No,89.39,2196,0.23,83180,0.6,69.04
Argentina,2014,Rabies,Metabolic,7.6,5.99,6.76,19-35,Female,491998,97.68,3.21,7.82,Medication,14263,Yes,65.32,151,5.68,3742,0.62,74.4
USA,2001,Cancer,Chronic,9.49,13.12,6.79,19-35,Male,239331,93.58,2.22,9.89,Surgery,2267,Yes,89.68,3339,9.67,56126,0.55,73.81
France,2015,Alzheimer's Disease,Genetic,5.83,9.29,5.73,61+,Male,97182,86.64,0.9,9.84,Medication,37492,Yes,62.35,3478,6.02,72731,0.69,79.26
Brazil,2022,Cholera,Metabolic,18.34,8.1,5.83,61+,Male,664986,62.84,1.19,3.45,Medication,2095,Yes,90.99,2604,9.65,28065,0.59,56.16
Canada,2009,Cholera,Parasitic,0.74,1.45,7.24,19-35,Male,366915,92.27,3.03,9.32,Medication,21404,Yes,76.76,1537,6.29,91385,0.76,56.04
Canada,2020,Parkinson's Disease,Viral,9.79,13.35,3.31,0-18,Male,747433,73.93,1.89,7.88,Medication,6813,Yes,70.29,1734,2.66,9935,0.85,23.17
Saudi Arabia,2007,Rabies,Parasitic,8.3,0.42,5.3,61+,Male,319739,93.69,4.48,1.66,Medication,13337,No,68.11,4144,8.27,94821,0.83,60.32
Germany,2009,Tuberculosis,Bacterial,15.58,9.5,7.79,61+,Female,179661,88.61,0.84,4.76,Surgery,16211,Yes,91.77,938,4.25,57306,0.63,50.85
Indonesia,2009,Polio,Cardiovascular,1.97,7.21,3.17,36-60,Male,639875,56.64,4.37,6.64,Vaccination,41565,Yes,65.2,2534,6.6,44547,0.7,68.88
Saudi Arabia,2014,HIV/AIDS,Bacterial,18.1,2.43,4.38,0-18,Female,530879,53.9,2.74,4.32,Medication,47210,No,85.16,3953,2.36,66810,0.83,69.21
Japan,2024,Dengue,Chronic,17.56,5.61,5.41,36-60,Female,422664,93.3,4.88,9.36,Surgery,14286,No,84.25,1229,4.22,75524,0.89,60.05
Russia,2010,COVID-19,Viral,6.56,11.71,1.46,19-35,Female,442535,65.6,4.88,5.82,Vaccination,8289,Yes,50.49,3201,3.06,31122,0.76,51.65
Argentina,2019,Alzheimer's Disease,Autoimmune,6.52,11.29,3.37,61+,Female,953759,85.83,3.59,4.85,Medication,25449,No,68.4,1151,8.7,53738,0.47,77.2
Canada,2010,Polio,Metabolic,11.62,3.71,1.6,0-18,Female,321880,79.77,4.14,9.83,Therapy,10901,Yes,92.74,3651,9.32,35738,0.85,29.9
Argentina,2003,Alzheimer's Disease,Autoimmune,15.87,0.67,6.15,0-18,Female,982199,51.85,1.3,2.77,Therapy,24787,No,75.19,3904,1.79,20368,0.89,87.69
Argentina,2018,Parkinson's Disease,Viral,5.44,9.7,7.96,61+,Other,744625,55.36,4.66,3.68,Therapy,48209,Yes,53,2539,0.46,7952,0.88,28.02
Japan,2003,Ebola,Chronic,11.2,2.05,3.67,19-35,Other,315332,78.33,1.31,2.87,Therapy,7542,No,71.5,3228,2.29,51953,0.52,27.31
Nigeria,2023,Measles,Respiratory,4.48,4.96,8.83,19-35,Female,221895,96.19,2.34,9.97,Surgery,47160,Yes,79.48,2969,9.69,6193,0.81,20.6
Nigeria,2007,Alzheimer's Disease,Respiratory,12.32,10.32,8.3,61+,Other,571398,98.06,2.65,1.67,Therapy,26847,No,75.76,4221,4.6,52339,0.83,31.22
Australia,2006,Rabies,Autoimmune,19.47,3.59,7.33,36-60,Other,293799,85.39,4.86,7.61,Therapy,40544,Yes,89.5,2736,7.44,44190,0.65,30.03
USA,2002,Rabies,Respiratory,3.34,6.99,0.93,0-18,Other,126019,84.8,4.04,3.74,Surgery,44861,No,62.39,4361,6.87,4155,0.42,60.69
Argentina,2024,Dengue,Bacterial,9.74,11.01,8.24,61+,Other,988472,96.78,3.97,9.46,Surgery,4074,No,73.57,740,8.31,78991,0.56,45.47
Argentina,2010,Ebola,Genetic,12.8,4.04,6.93,19-35,Female,784061,58.15,1.33,0.55,Vaccination,15643,No,54.26,4077,6.15,25263,0.74,20.39
Brazil,2007,Zika,Autoimmune,19.92,10.34,5.39,36-60,Male,302924,96.32,2.59,8.44,Therapy,1161,No,68.16,542,1.7,54797,0.83,58.33
Mexico,2020,HIV/AIDS,Bacterial,11.18,3.72,7.57,36-60,Female,963932,61.45,4.28,3.82,Surgery,38340,No,77.47,1897,2.83,51115,0.57,33.87
Indonesia,2012,HIV/AIDS,Infectious,1.57,7.5,5.09,61+,Other,544349,74.04,3.45,7.03,Medication,12250,Yes,87.07,545,7.37,79615,0.88,69.74
France,2016,Dengue,Parasitic,5.84,5.43,5.4,61+,Other,159524,68.16,2.42,0.55,Surgery,48376,No,89.05,4676,5.12,46838,0.56,35.99
Australia,2012,Parkinson's Disease,Autoimmune,2.44,8.61,6.94,61+,Other,996563,75.55,2.6,2.24,Medication,49176,No,51.61,2137,4.1,20696,0.49,74.2
USA,2018,Malaria,Parasitic,16.09,3.24,8.94,0-18,Other,479017,61.42,2.21,8.96,Surgery,13947,Yes,69.35,673,9.57,15297,0.85,69.76
Russia,2005,Influenza,Autoimmune,9.75,2.56,8.47,61+,Other,179326,90.35,3.5,1.84,Vaccination,39432,No,74.89,4430,0.65,94864,0.82,60.65
Brazil,2001,Asthma,Respiratory,19.27,3.55,6.11,0-18,Female,40731,84.94,0.98,8.05,Vaccination,9310,Yes,59.82,3722,8.16,8427,0.65,52.36
South Korea,2012,Asthma,Neurological,2.28,14.11,9.42,0-18,Other,190659,80.87,4.57,8.94,Surgery,174,No,86.7,660,4.26,17740,0.52,41.44
Indonesia,2021,Ebola,Respiratory,9.06,8.01,4.86,0-18,Male,63486,72.5,3.24,1.94,Medication,27354,Yes,73.07,3062,0.36,89364,0.45,34.74
Mexico,2000,Parkinson's Disease,Bacterial,17.54,12.47,1.86,36-60,Female,181924,84.63,1.54,5.91,Vaccination,48629,No,72.11,2413,1.05,49828,0.67,47.81
Turkey,2020,Parkinson's Disease,Infectious,0.36,4.36,5.99,61+,Male,450804,60.51,2.37,3.4,Medication,42032,No,91.51,4691,4.91,34790,0.79,28.89
Canada,2007,Influenza,Parasitic,6.58,10.54,3.32,19-35,Female,342411,99.92,2.46,6.2,Surgery,33386,No,77.77,1720,1.47,93775,0.54,77.78
South Korea,2013,Alzheimer's Disease,Autoimmune,3.17,5.45,3.4,19-35,Male,650381,85.68,1.63,7.38,Surgery,45935,Yes,65.89,177,5.46,26490,0.44,54.62
South Africa,2021,Cholera,Viral,17.83,9.44,9.88,19-35,Other,729380,66.77,3.19,1.22,Therapy,18138,No,53.29,4680,6.29,12438,0.42,29.54
Indonesia,2009,COVID-19,Neurological,3.43,9.75,2.43,36-60,Other,817987,85.47,4.57,3.22,Medication,44585,Yes,78.87,4366,9.54,35376,0.53,57.38
Nigeria,2001,Leprosy,Bacterial,18.31,12.3,3.46,19-35,Other,544665,77.6,1.1,4.9,Surgery,29544,No,70.12,2838,0.17,16621,0.55,31.07
Japan,2013,HIV/AIDS,Neurological,7.54,14.43,7.38,61+,Male,337401,56.1,3.67,2.75,Surgery,38848,No,82.24,969,8.11,68043,0.49,61.48
South Africa,2011,Ebola,Viral,19.18,3.64,1.56,36-60,Male,391922,67.56,1.92,1.54,Medication,39358,Yes,91.47,4035,1.32,45450,0.46,31.12
Italy,2006,Asthma,Respiratory,9.07,14.94,9.21,0-18,Other,970996,74.99,5,3.63,Vaccination,34270,Yes,80.29,884,2.2,45929,0.88,83.04
UK,2012,COVID-19,Neurological,16.77,10.88,4.84,61+,Other,593509,73.08,2.08,3.08,Vaccination,19883,Yes,55.49,1233,1.69,78243,0.52,40.21
Australia,2014,Alzheimer's Disease,Chronic,10.62,1.15,8.05,0-18,Other,910772,76.15,2.53,7.09,Vaccination,11657,No,73.4,2470,6.91,48201,0.44,65.05
South Korea,2002,Polio,Bacterial,6.15,2.96,5.12,19-35,Female,322449,97.88,1.87,3.54,Therapy,6719,No,60.08,1098,6.25,78212,0.64,32.18
Mexico,2009,Parkinson's Disease,Metabolic,13.37,3.06,9.09,0-18,Male,277697,98.86,2.88,1.44,Therapy,13169,No,79.28,1236,1.8,32484,0.53,80.87
India,2020,Parkinson's Disease,Metabolic,17.87,8.07,1.21,36-60,Female,732806,63.4,1.7,3.26,Medication,7682,No,90.27,1719,8.49,787,0.45,30.66
Australia,2024,Leprosy,Chronic,11.96,6.84,7.29,0-18,Female,419800,98.45,0.61,4.6,Vaccination,1545,Yes,95.06,3437,1.76,96857,0.72,73.93
China,2020,Dengue,Infectious,19.84,1.97,4.41,36-60,Male,502600,62.81,0.96,5.07,Surgery,9317,Yes,52.22,3461,7.69,70091,0.71,66.31
USA,2000,Leprosy,Cardiovascular,10.87,4.28,6.94,19-35,Male,359015,76.64,1.11,5.78,Therapy,34599,Yes,98,4437,7.1,13845,0.87,36.63
Turkey,2005,Alzheimer's Disease,Viral,6.84,7.82,6.21,61+,Female,645255,66.59,4.04,7.24,Vaccination,12271,No,58.61,3177,0.8,35321,0.62,31.63
South Korea,2012,COVID-19,Parasitic,4.14,1.04,6.78,0-18,Other,935249,72.79,0.66,6.25,Vaccination,2035,Yes,67.82,2796,5.9,31222,0.4,78.35
France,2005,Hepatitis,Autoimmune,16.66,8.44,2.13,61+,Male,14496,83.09,2.19,3.36,Therapy,31715,Yes,81.13,1599,3.76,68543,0.84,71.35
USA,2000,Diabetes,Neurological,9.89,3.4,3.37,0-18,Male,388394,98.27,3.62,1.2,Vaccination,3212,Yes,76.79,4774,0.77,89940,0.86,47.74
France,2008,Parkinson's Disease,Genetic,12.61,0.71,2.96,61+,Male,21250,59.71,1.93,5.98,Medication,408,No,63.35,253,0.73,7230,0.43,24.67
Saudi Arabia,2002,Malaria,Chronic,17.81,3.25,9.3,0-18,Other,391961,78.9,2.61,2.53,Medication,13272,Yes,91.95,2353,9.2,61765,0.48,22.33
France,2018,Tuberculosis,Metabolic,7.68,12.46,9.23,36-60,Other,191278,76.39,1.8,3.71,Surgery,35752,Yes,92.18,323,8.34,57149,0.51,48.44
USA,2000,Dengue,Respiratory,18.62,14.76,9.68,19-35,Other,455714,89.51,4.89,4.72,Vaccination,17985,No,71.67,3308,0.35,12905,0.69,34.14
Argentina,2006,Cholera,Neurological,0.65,0.39,7.97,19-35,Male,159230,93.82,2.1,4.38,Vaccination,27412,No,79.15,2265,7.65,60983,0.65,60.23
Russia,2020,Alzheimer's Disease,Cardiovascular,12.45,9.64,1.25,19-35,Male,144739,52.81,2.4,7.46,Vaccination,35773,Yes,54.82,2379,9.66,75798,0.43,20.27
Argentina,2006,Dengue,Parasitic,18.59,2.7,7,36-60,Female,539904,91.71,1.61,4.06,Medication,10407,No,67.81,570,0.57,91108,0.9,32.31
India,2001,Influenza,Bacterial,2.3,13.36,8.87,0-18,Other,739652,94.53,1.75,7.59,Vaccination,42318,No,60.1,4011,5.66,90170,0.89,30.04
Turkey,2024,Rabies,Chronic,10.69,1.02,1.36,0-18,Male,435225,55.7,1.48,2.89,Medication,3390,Yes,71.52,3653,9.28,10060,0.46,63.13
Indonesia,2018,Zika,Infectious,7.39,8.8,4.27,36-60,Female,694439,96.35,0.6,1.63,Medication,25184,No,83.26,1826,9.99,59685,0.6,28.92
South Africa,2012,Measles,Chronic,9.6,8.92,1.25,61+,Other,844728,87.7,3.97,4.98,Therapy,12256,Yes,73.99,949,6.1,87810,0.49,74.91
Mexico,2024,Dengue,Bacterial,2.65,12.16,9.89,0-18,Other,862642,60.03,1.03,1.79,Therapy,39258,No,55.02,934,3.38,24688,0.44,74.54
Russia,2023,Polio,Autoimmune,11.15,10.1,5.82,61+,Male,143680,77.42,4.4,2.47,Vaccination,21526,Yes,54.48,4999,2.23,88927,0.86,48.28
Australia,2005,Diabetes,Genetic,13.82,4.68,0.65,0-18,Other,508290,77.36,4.16,3.05,Surgery,17159,No,67.28,2370,8.6,17194,0.57,41.49
Germany,2020,Cholera,Cardiovascular,11.8,8.79,7.67,61+,Other,134438,80.56,2.45,7.6,Medication,22795,Yes,97.08,759,9.41,45540,0.71,89.56
Saudi Arabia,2014,Hepatitis,Respiratory,5.92,13.43,3.19,36-60,Female,239172,75.39,2.58,7.43,Vaccination,43808,No,89.44,2522,4.38,23409,0.9,70.32
Turkey,2014,Alzheimer's Disease,Infectious,6.17,8.73,7.74,61+,Female,137583,96.55,2.1,3.56,Therapy,5475,No,92.93,1193,9.8,59629,0.72,74.79
Saudi Arabia,2022,Asthma,Chronic,17,3.19,7.51,36-60,Female,414508,53.17,4.8,3.64,Medication,49785,No,88.64,238,3.54,80861,0.74,84.93
Italy,2004,Diabetes,Viral,3.96,11.16,3.94,19-35,Female,953056,62.92,0.65,2.02,Medication,9466,No,91.09,214,9.18,35470,0.5,28.52
Nigeria,2016,Zika,Parasitic,2.62,5.91,8.43,19-35,Female,316498,63.97,3.95,1.44,Vaccination,33807,No,55.24,3791,8.7,41519,0.77,79.91
France,2012,Diabetes,Bacterial,19.45,4.14,9.59,19-35,Male,96744,52.1,2.48,8.85,Therapy,43807,No,51.08,4280,2,19854,0.86,68.43
Canada,2018,Alzheimer's Disease,Genetic,1.17,9.48,7.37,19-35,Female,494671,91.6,1.61,4.27,Surgery,24926,No,74.91,4930,8.72,82686,0.76,44.04
UK,2012,COVID-19,Metabolic,14.86,12.26,1.97,0-18,Female,564907,51.14,1.68,8.36,Therapy,44457,No,88.97,34,6.73,63294,0.77,70.08
South Africa,2001,Cholera,Genetic,8.7,1.43,4.97,0-18,Female,615989,62.47,2.22,8.14,Medication,48831,No,70.54,1823,6.77,96262,0.85,48.47
South Africa,2021,Leprosy,Infectious,18.71,7.93,1.33,19-35,Female,405161,52.04,3.05,9.31,Medication,1495,Yes,54.98,1975,7.25,24699,0.41,49.08
Brazil,2013,Influenza,Cardiovascular,18.71,2.54,8.24,0-18,Female,849560,97.92,3.93,3.34,Therapy,32606,No,72.07,427,9.51,32598,0.87,37.57
USA,2011,COVID-19,Bacterial,7.69,13.46,6.4,36-60,Female,128263,96.21,4.7,3.85,Surgery,4235,No,55.64,443,4.09,32467,0.59,20.82
India,2007,Ebola,Neurological,10.23,13.47,8.31,36-60,Female,563508,83.29,4.3,6.95,Vaccination,49492,No,80.71,2420,5.51,58518,0.54,34.33
Nigeria,2003,Rabies,Autoimmune,8.29,3.8,0.54,61+,Male,497274,94.47,4.03,5.93,Medication,16954,Yes,71.34,2244,9.58,35770,0.67,65.56
India,2015,Measles,Bacterial,17.71,6.25,1.24,19-35,Male,448787,97.78,3.95,9.29,Surgery,24320,No,54.51,3035,6.22,61471,0.71,81.87
Japan,2004,Dengue,Parasitic,6.42,2.05,8.02,0-18,Other,924757,81.53,3.05,2.12,Vaccination,43355,No,68.25,4030,7.6,30042,0.74,60.35
Russia,2010,Hypertension,Parasitic,4.77,3.8,3.21,0-18,Male,105706,80.95,4.26,6.81,Vaccination,25651,Yes,84.66,988,7,95942,0.43,57.52
Nigeria,2003,Cholera,Bacterial,18.08,10.63,3.53,0-18,Male,214682,59.3,2.47,5.1,Vaccination,14080,No,69.67,1113,2.19,16121,0.49,80.1
China,2002,Ebola,Chronic,16.78,2.55,4.46,36-60,Other,217556,80.73,2.84,6.11,Medication,14058,Yes,97.8,3273,7.12,51571,0.79,27.36
Nigeria,2009,Dengue,Genetic,15.78,9.42,5.85,0-18,Male,577439,95.61,0.98,4.13,Medication,25752,No,86.72,861,4.84,18353,0.44,59.42
Australia,2021,Ebola,Parasitic,12.98,7.51,6.19,0-18,Female,353237,56.04,3,2.97,Therapy,26851,Yes,53,3171,0.38,49023,0.78,64.16
France,2013,COVID-19,Respiratory,12,13.39,0.9,61+,Female,975815,78,2.25,1.96,Vaccination,19458,Yes,50.23,1162,3.25,78867,0.43,80.37
Russia,2010,Zika,Neurological,1.52,9.91,2.04,19-35,Other,19849,73.78,2.92,0.69,Vaccination,21865,No,87.23,1157,3.84,41843,0.61,74.6
Brazil,2003,Diabetes,Bacterial,16.63,0.89,5.41,36-60,Male,725115,63.61,1.67,3.36,Vaccination,19941,No,68.2,3956,1.85,33890,0.56,39.02
Mexico,2019,Measles,Parasitic,19.8,14.53,8.34,61+,Male,722200,79,3.89,2.88,Medication,36147,No,60.89,1080,9.28,81144,0.57,58.78
Japan,2016,COVID-19,Neurological,18.76,6.05,4.18,61+,Other,535015,67.33,0.77,6.42,Vaccination,49858,No,62.36,1782,7.11,54456,0.47,80.1
UK,2010,Malaria,Chronic,16.82,5.15,3.41,61+,Male,815941,50.78,3.31,5.56,Vaccination,26332,Yes,86.01,3822,1.98,93670,0.89,40.64
Argentina,2005,Measles,Cardiovascular,10.91,14.63,1.1,0-18,Other,601744,91.48,2.84,5.76,Surgery,3892,No,96.62,1444,2.02,57605,0.72,88.03
South Korea,2003,COVID-19,Infectious,13.98,10.09,2.89,61+,Female,969849,99.17,1.14,8.28,Vaccination,25533,No,70.31,3991,9.38,88894,0.46,60.09
USA,2019,Tuberculosis,Infectious,14.96,4.47,5.87,19-35,Other,281841,72.12,1.21,1.42,Vaccination,28070,No,97.08,2575,9.97,45690,0.55,43.1
India,2017,Dengue,Respiratory,7.49,13.71,9.88,36-60,Female,81420,58.84,1.33,3.74,Medication,31753,No,92.39,4853,1.85,27290,0.64,67.09
Nigeria,2017,Parkinson's Disease,Parasitic,13.15,5.3,3.27,36-60,Male,900653,87.14,2.22,0.99,Vaccination,2699,Yes,58.09,3405,1.54,66179,0.75,33.24
Canada,2009,Ebola,Neurological,8.26,10.45,4.04,61+,Female,175401,67.31,4.5,6.82,Vaccination,47282,No,90.02,3133,3.88,39639,0.66,72.18
India,2007,HIV/AIDS,Neurological,17.96,0.76,5.29,36-60,Female,65153,55.52,4.34,2.49,Vaccination,4805,No,84.63,4781,2.94,68762,0.66,41.25
Saudi Arabia,2011,Diabetes,Viral,13.11,11.03,3.07,19-35,Male,725884,82.61,1.96,2.49,Therapy,37018,No,64.17,2722,9.25,53206,0.75,78.38
China,2016,Parkinson's Disease,Respiratory,6.49,3.63,6.47,19-35,Male,769966,92.11,4.31,2.72,Vaccination,49009,No,75.09,1663,4.9,26170,0.61,70.92
Nigeria,2009,Polio,Metabolic,8.33,3.49,9.97,36-60,Other,70299,60.78,4.79,1.79,Therapy,21619,Yes,75.76,2261,8.91,52046,0.61,76.07
Brazil,2011,Rabies,Genetic,13.68,3.06,7.39,36-60,Male,125939,54.03,1.57,4.33,Therapy,42559,No,52.39,2914,5.31,5974,0.84,37.78
India,2021,Dengue,Autoimmune,12.9,0.6,3.25,36-60,Female,136889,65.91,3.49,9.18,Surgery,8218,Yes,92.03,3596,1.05,26391,0.43,28.2
Australia,2003,Malaria,Infectious,17.14,9.26,1.97,36-60,Male,37396,67.83,2.12,7.91,Medication,33672,No,93.23,4691,7.68,60353,0.62,30.73
South Africa,2023,Rabies,Respiratory,18.62,1.1,9.29,19-35,Male,769808,65.25,3.1,9.95,Therapy,16411,Yes,77.12,4109,4.92,88198,0.79,46.83
Australia,2020,HIV/AIDS,Autoimmune,19.23,8.08,4.5,61+,Other,264518,78.38,1.43,6.36,Therapy,40384,Yes,71.02,1009,1.64,7528,0.65,43.89
Germany,2001,Tuberculosis,Infectious,18.26,4.37,9.69,36-60,Male,229805,73.39,2.71,9.11,Vaccination,48465,No,74.75,326,2.47,73241,0.58,33.25
South Korea,2005,Asthma,Autoimmune,2.41,5.74,5.58,61+,Female,713552,94.3,4.89,9.91,Therapy,5708,No,65.05,3357,6.5,14607,0.82,52.49
Germany,2003,Hepatitis,Viral,1.57,5.68,6.89,0-18,Female,728797,81.03,2.39,2.26,Surgery,38558,No,77.09,525,6.74,48103,0.4,59.52
Russia,2011,Parkinson's Disease,Autoimmune,16.68,6.88,2.22,0-18,Male,815348,50.8,3.75,5,Medication,35945,Yes,85.38,2948,7,2064,0.86,33.85
Mexico,2020,Dengue,Neurological,10.12,14.95,5.99,61+,Female,130680,90.22,3.87,9.21,Therapy,18741,Yes,86.78,2525,0.04,88559,0.86,62.69
Australia,2000,Rabies,Parasitic,14.84,2.45,5.33,0-18,Female,52043,50.78,4.96,3.69,Surgery,49160,Yes,74.28,273,9.66,4363,0.89,65.52
Russia,2000,Ebola,Respiratory,12.34,6.68,7.49,36-60,Other,223321,97.55,4.05,4.01,Medication,2511,Yes,65.27,2293,9.53,25868,0.46,26
Nigeria,2002,Diabetes,Viral,6.24,7.2,3.77,61+,Male,368655,70.82,2.38,8.95,Therapy,28937,No,83.44,72,1.55,4699,0.48,54.78
Italy,2009,Alzheimer's Disease,Genetic,1.62,5.38,2.93,61+,Male,486113,83.59,2.53,2.14,Medication,30614,No,61.23,4288,7.18,14306,0.43,78.76
China,2020,Alzheimer's Disease,Parasitic,11.99,7.96,1.58,61+,Male,704130,57.28,1.34,1.64,Vaccination,3054,Yes,90.93,3939,6.32,30155,0.72,73.82
Russia,2014,Diabetes,Viral,14.08,7.55,1.25,0-18,Female,925106,66.25,1.56,10,Medication,46099,Yes,89.71,1316,9.69,98193,0.42,35.03
Australia,2009,Parkinson's Disease,Genetic,12.86,11.08,2.08,19-35,Other,538726,98.74,1.92,2.84,Therapy,32714,Yes,52.79,1788,9.95,85051,0.78,66.16
Germany,2000,Ebola,Viral,13.82,5.53,8.32,61+,Female,497781,73.56,4.2,8.96,Therapy,24555,Yes,60.77,2482,9.83,42220,0.42,70.51
Brazil,2023,Cholera,Bacterial,14.6,1.09,6.96,61+,Male,480216,72.03,1.88,3.7,Therapy,41097,Yes,94.51,2789,5.12,69601,0.66,67.85
UK,2006,Tuberculosis,Infectious,1.66,6.07,7.36,0-18,Other,724272,55.42,1.28,8.15,Vaccination,19555,Yes,96.79,3626,2.4,29192,0.44,85.11
Canada,2017,Dengue,Bacterial,9.24,1.61,9.52,19-35,Female,719938,98.73,1.55,8.95,Surgery,4433,Yes,51.44,1825,2.28,59991,0.88,63.84
Germany,2000,Zika,Parasitic,7.32,3.61,8.21,19-35,Female,900264,69,4.69,7.42,Surgery,23988,Yes,57.17,391,0.92,81602,0.86,83.51
Turkey,2007,Dengue,Bacterial,5.09,4.7,2.73,36-60,Male,118790,97.21,2,9.15,Therapy,40496,No,86.1,2046,2.32,35964,0.44,58.35
Italy,2015,Tuberculosis,Genetic,0.26,12.69,0.57,0-18,Male,564911,94.96,0.56,4.18,Therapy,21766,Yes,70.55,3140,1.89,56660,0.78,24.87
China,2005,Influenza,Chronic,13.27,0.73,4.7,36-60,Male,931750,50.18,4.11,8.85,Vaccination,45022,Yes,54.33,1210,4.16,3574,0.88,52.81
Canada,2007,Alzheimer's Disease,Chronic,12.86,13.61,2.19,36-60,Other,962770,59.43,2.95,9.93,Medication,41316,No,64.28,3168,3.86,59158,0.7,71.91
South Korea,2006,Cancer,Cardiovascular,12.1,4.98,9.08,36-60,Male,969312,83.46,4.57,4.78,Vaccination,48218,No,74.62,1075,8.54,36936,0.67,44.51
Mexico,2001,Leprosy,Metabolic,19.18,9.53,6.5,19-35,Female,404100,85.07,3.78,8.32,Therapy,47294,No,94.04,3857,7.23,68312,0.74,21.14
Brazil,2013,Diabetes,Infectious,10.59,11.58,0.7,61+,Female,85401,79.04,2.48,2.03,Vaccination,17962,Yes,71.77,3715,9.1,75691,0.66,81.39
USA,2020,Influenza,Autoimmune,18.27,11.01,3.3,19-35,Other,739968,86.94,4.81,4.73,Therapy,30409,No,95.14,4073,2.64,21491,0.76,79.27
Indonesia,2009,Diabetes,Metabolic,9.69,2.06,8.39,61+,Female,52110,85.86,4.63,1.84,Vaccination,21623,No,62.56,1893,6.24,62897,0.76,73.72
Russia,2010,COVID-19,Parasitic,4.52,11.35,8.01,36-60,Other,403710,69.26,4.44,3.42,Vaccination,33718,No,90.91,4976,7.12,90148,0.86,67.77
France,2024,Parkinson's Disease,Autoimmune,6.68,11.92,6.81,61+,Female,42803,69.1,4.93,0.61,Medication,10962,Yes,88.87,1355,4.52,76482,0.68,26.75
Mexico,2002,Dengue,Respiratory,1.51,7.46,9.51,61+,Male,246890,54.18,1.75,1.48,Medication,5585,Yes,95.11,308,0.06,30201,0.48,82.42
Russia,2006,Malaria,Cardiovascular,12.72,14.64,0.37,36-60,Male,952851,71.36,2.7,2.59,Vaccination,29008,No,72.12,2901,3.61,7020,0.76,44.02
UK,2016,Tuberculosis,Respiratory,10.13,14.67,8.12,0-18,Female,394075,61.17,1.31,9.63,Medication,33856,No,78.79,877,1.06,24364,0.61,61.92
Turkey,2023,Malaria,Infectious,0.75,8.75,1.6,61+,Other,240932,86.48,2.01,4.94,Surgery,20928,Yes,84.66,1768,5.47,77451,0.69,39.02
Argentina,2004,Tuberculosis,Neurological,4.28,9.53,1.59,0-18,Other,121418,96.02,1.59,8.45,Medication,30844,No,59.54,517,5.37,96342,0.82,69.15
South Africa,2014,Diabetes,Metabolic,7.81,1.73,6.37,0-18,Other,183214,63.05,0.67,8.12,Medication,11335,No,60.13,2168,7.79,22704,0.41,72.06
Italy,2010,Hypertension,Infectious,6.08,10,5.51,0-18,Female,443392,87.93,1.09,4.59,Therapy,8833,Yes,77.59,4780,0.19,26487,0.74,57.01
Japan,2016,Dengue,Bacterial,15.95,7.66,3.48,0-18,Female,538277,78.48,1.62,3.32,Therapy,32362,No,72.8,471,2.45,50187,0.71,79.26
India,2005,Tuberculosis,Respiratory,17.15,8.39,6.26,36-60,Female,600465,86.04,1.16,6.52,Therapy,38818,No,59.86,669,6.7,24727,0.71,27.77
Saudi Arabia,2024,Zika,Viral,9.14,12.39,6.48,61+,Other,661849,93.15,1.82,8.35,Therapy,14008,Yes,61.22,2736,2.06,56229,0.69,86.23
Indonesia,2020,Parkinson's Disease,Chronic,1.89,8.49,8.79,61+,Other,576031,55.94,1.76,0.68,Therapy,28806,Yes,69.31,907,0.03,39313,0.75,78.01
South Korea,2014,Malaria,Cardiovascular,10.91,5.22,5.61,36-60,Female,715946,55.45,4.75,9.4,Medication,27907,No,93.5,3941,6.38,99686,0.76,78.26
India,2008,HIV/AIDS,Neurological,7.48,6.9,2.94,36-60,Female,358234,79.18,1.14,3.13,Vaccination,11148,No,65.98,241,8.93,28417,0.69,23.06
Japan,2010,Leprosy,Infectious,1.64,0.95,0.4,36-60,Female,980888,93.52,1.7,1.14,Surgery,45678,No,76.71,248,3.88,6764,0.41,27.64
France,2000,Asthma,Genetic,19.62,5.45,5.12,36-60,Other,382629,83.01,2.6,2.66,Surgery,7132,No,56.67,3462,8.94,48107,0.64,75.34
Indonesia,2006,Leprosy,Autoimmune,17.76,14.21,9.32,36-60,Female,590011,81.47,2.61,1.76,Therapy,40517,Yes,73.98,1267,4.46,55029,0.42,63.81
USA,2001,Rabies,Cardiovascular,8.38,9.8,9.52,61+,Male,502469,52.39,0.57,8.02,Vaccination,15459,No,96.01,676,8.91,23354,0.59,31.21
Canada,2018,Cancer,Neurological,6.97,7.73,5.31,19-35,Male,945370,51.09,4.71,9.97,Vaccination,13992,No,55.72,2971,8.28,82231,0.57,65.76
Nigeria,2020,Malaria,Bacterial,18.91,13.31,1.37,61+,Female,706579,83.69,1.52,7.57,Vaccination,40849,No,56.59,4604,0.13,35250,0.89,35.01
Brazil,2022,HIV/AIDS,Neurological,9.5,9.25,9.59,0-18,Male,549518,65.28,0.53,0.76,Vaccination,37728,No,91.23,151,4.54,76636,0.69,44.3
Saudi Arabia,2004,HIV/AIDS,Autoimmune,13.15,13.4,9.59,0-18,Male,789087,57.59,1.56,9.65,Medication,31898,Yes,73.55,2562,0.46,60956,0.72,78.94
Mexico,2014,Tuberculosis,Chronic,3.05,8.69,7.69,36-60,Other,756716,82.14,4.7,6.65,Vaccination,11589,No,83.89,3463,7.25,11621,0.69,82.37
Indonesia,2014,Rabies,Autoimmune,12.14,7.48,3.18,19-35,Other,417779,72.08,1.64,4.78,Surgery,20518,No,93.44,142,6.55,41291,0.48,40.8
Mexico,2010,Hepatitis,Parasitic,9.1,7.81,7.94,36-60,Female,529628,85.9,2.9,6.57,Vaccination,49486,Yes,53.73,3273,6.83,89765,0.76,27.76
Brazil,2012,Diabetes,Neurological,7.99,1.47,2.56,19-35,Male,718125,92.62,1.52,4.29,Therapy,28827,No,71.31,855,4.59,42561,0.54,29.15
Australia,2024,Tuberculosis,Genetic,2.79,12.16,4.59,19-35,Other,912197,77.89,4.42,3.13,Therapy,40161,No,64.98,4632,8.54,71176,0.63,88.31
Indonesia,2004,Diabetes,Parasitic,0.22,12.91,8.99,36-60,Female,478244,73.26,3.55,5.05,Therapy,28966,No,98.71,1014,5.99,8336,0.47,30.12
Saudi Arabia,2003,Leprosy,Cardiovascular,13.87,2.13,3.46,61+,Other,513358,53.37,4.71,4.55,Medication,17796,No,69.62,3270,0.52,19538,0.81,84.39
Japan,2008,HIV/AIDS,Metabolic,13.83,3.71,0.19,36-60,Other,647000,65.08,3.79,5.6,Vaccination,11474,No,70.41,3538,8.53,58137,0.72,25.36
China,2009,Cholera,Metabolic,7.34,5.68,1.46,61+,Male,116382,64.65,3.64,8.67,Vaccination,47010,No,91.09,1668,9.75,53106,0.83,54.35
India,2012,Measles,Autoimmune,4.11,7.85,7.35,0-18,Female,198773,55.59,3.25,6.83,Therapy,9339,Yes,70.95,3183,8.13,31222,0.81,71.37
Saudi Arabia,2002,Measles,Cardiovascular,19.92,8.35,0.93,61+,Female,757194,74.7,1.42,0.76,Surgery,24074,Yes,84,2234,1.37,57935,0.75,30.57
Australia,2007,Tuberculosis,Cardiovascular,9.49,14.78,5.21,36-60,Male,939621,50.35,4.26,3.24,Surgery,7811,No,63.5,789,7.96,43177,0.84,67.47
Australia,2014,Rabies,Viral,14.9,10.95,1.07,19-35,Male,779698,81.52,1.33,6.51,Surgery,16841,No,78.59,1531,8.67,91929,0.67,28.98
Brazil,2024,Influenza,Metabolic,12.7,14.71,3.26,61+,Female,420890,87.03,4.53,3.21,Surgery,650,No,57.46,4406,0.15,93797,0.59,35.18
South Korea,2012,Asthma,Viral,14.35,12.46,4.56,0-18,Other,565700,95.52,4.77,4.1,Medication,8994,No,86.09,4249,8.47,75191,0.76,77.87
Saudi Arabia,2008,Cholera,Metabolic,15.1,10.56,6.05,0-18,Other,608299,77.09,4.2,2.1,Surgery,47051,Yes,55.4,1147,2.07,17713,0.72,33.27
France,2015,Malaria,Parasitic,15.58,8.6,4.73,36-60,Male,143961,59.26,1.21,1.64,Medication,38794,Yes,58.12,3441,5.7,28531,0.87,67.78
UK,2009,Leprosy,Infectious,13.78,5.5,6.38,0-18,Female,391975,92.09,1.37,2.63,Therapy,42108,No,65.89,3458,3.01,24923,0.69,68.36
South Africa,2001,Tuberculosis,Chronic,12.66,2.94,7.5,61+,Other,621761,71.52,3.99,0.96,Vaccination,5620,No,84.7,155,2.26,34402,0.88,75.49
Japan,2005,Cancer,Respiratory,2.32,14.54,7.25,19-35,Male,533056,57.83,2.27,1.75,Therapy,5069,No,87.52,1982,5.89,11763,0.87,83.67
Indonesia,2005,Hepatitis,Autoimmune,19.53,5.57,2.2,0-18,Female,16667,99.76,4.78,9.55,Surgery,36443,No,60.7,2678,8.86,75756,0.83,67.27
Italy,2023,Leprosy,Autoimmune,5.55,2.34,0.45,61+,Other,839435,89.46,1.71,1.24,Medication,16599,Yes,79.83,730,1.81,95231,0.73,85.87
France,2020,Dengue,Viral,16.02,1.29,5.72,61+,Male,593749,92.79,0.62,2.06,Therapy,7442,Yes,78.32,497,1.92,78839,0.87,72.75
France,2020,Rabies,Autoimmune,16.01,3.82,8.82,0-18,Female,514095,54.77,3.58,9.37,Medication,44988,Yes,78.24,277,5.5,67938,0.77,37.47
Mexico,2018,Leprosy,Chronic,12.29,4.67,2.55,36-60,Male,701609,75.84,4.2,4.05,Vaccination,18369,Yes,65.46,4122,9.27,80318,0.42,24.77
India,2005,Dengue,Cardiovascular,12.72,5.54,8.98,0-18,Male,841252,59.12,4.94,7.18,Therapy,8696,Yes,52.18,2122,4.74,99781,0.82,83.83
Italy,2018,Cholera,Infectious,14.31,0.94,3.7,61+,Female,500654,52.07,1.91,7.48,Therapy,23470,No,53.11,2838,5.31,91696,0.47,67.35
Indonesia,2005,Cancer,Autoimmune,3.55,7.62,5.48,19-35,Female,109920,57.34,0.92,5.65,Surgery,18522,No,85.24,1861,6.48,10085,0.57,69.54
